date,TN_total.active,total.confirmed,total.recovered,total.deceased,total.tested,total.vaccinated,TN_delta.active,delta.confirmed,delta.recovered,delta.deceased,delta.tested,delta.vaccinated,TN_delta7.active,delta7.confirmed,delta7.recovered,delta7.deceased,delta7.tested,delta7.vaccinated
2020-03-07,1.0,1,0.0,0.0,0.0,0.0,1.0,1.0,0.0,0.0,0.0,0.0,1.0,1.0,0.0,0.0,0.0,0.0
2020-03-08,1.0,1,0.0,0.0,0.0,0.0,0.0,0.0,0.0,0.0,0.0,0.0,1.0,1.0,0.0,0.0,0.0,0.0
2020-03-09,1.0,1,0.0,0.0,0.0,0.0,0.0,0.0,0.0,0.0,0.0,0.0,1.0,1.0,0.0,0.0,0.0,0.0
2020-03-10,1.0,1,0.0,0.0,0.0,0.0,0.0,0.0,0.0,0.0,0.0,0.0,1.0,1.0,0.0,0.0,0.0,0.0
2020-03-11,1.0,1,0.0,0.0,0.0,0.0,0.0,0.0,0.0,0.0,0.0,0.0,1.0,1.0,0.0,0.0,0.0,0.0
2020-03-12,1.0,1,0.0,0.0,0.0,0.0,0.0,0.0,0.0,0.0,0.0,0.0,1.0,1.0,0.0,0.0,0.0,0.0
2020-03-13,1.0,1,0.0,0.0,0.0,0.0,0.0,0.0,0.0,0.0,0.0,0.0,1.0,1.0,0.0,0.0,0.0,0.0
2020-03-14,1.0,1,0.0,0.0,0.0,0.0,0.0,0.0,0.0,0.0,0.0,0.0,0.0,0.0,0.0,0.0,0.0,0.0
2020-03-15,1.0,1,0.0,0.0,0.0,0.0,0.0,0.0,0.0,0.0,0.0,0.0,0.0,0.0,0.0,0.0,0.0,0.0
2020-03-16,1.0,1,0.0,0.0,0.0,0.0,0.0,0.0,0.0,0.0,0.0,0.0,0.0,0.0,0.0,0.0,0.0,0.0
2020-03-17,1.0,1,0.0,0.0,0.0,0.0,0.0,0.0,0.0,0.0,0.0,0.0,0.0,0.0,0.0,0.0,0.0,0.0
2020-03-18,2.0,2,0.0,0.0,0.0,0.0,1.0,1.0,0.0,0.0,0.0,0.0,1.0,1.0,0.0,0.0,0.0,0.0
2020-03-19,3.0,3,0.0,0.0,0.0,0.0,1.0,1.0,0.0,0.0,0.0,0.0,2.0,2.0,0.0,0.0,0.0,0.0
2020-03-20,3.0,3,0.0,0.0,0.0,0.0,0.0,0.0,0.0,0.0,0.0,0.0,2.0,2.0,0.0,0.0,0.0,0.0
2020-03-21,6.0,6,0.0,0.0,0.0,0.0,3.0,3.0,0.0,0.0,0.0,0.0,5.0,5.0,0.0,0.0,0.0,0.0
2020-03-22,9.0,9,0.0,0.0,0.0,0.0,3.0,3.0,0.0,0.0,0.0,0.0,8.0,8.0,0.0,0.0,0.0,0.0
2020-03-23,12.0,12,0.0,0.0,0.0,0.0,3.0,3.0,0.0,0.0,0.0,0.0,11.0,11.0,0.0,0.0,0.0,0.0
2020-03-24,18.0,18,0.0,0.0,0.0,0.0,6.0,6.0,0.0,0.0,0.0,0.0,17.0,17.0,0.0,0.0,0.0,0.0
2020-03-25,26.0,26,0.0,0.0,0.0,0.0,8.0,8.0,0.0,0.0,0.0,0.0,24.0,24.0,0.0,0.0,0.0,0.0
2020-03-26,29.0,29,0.0,0.0,0.0,0.0,3.0,3.0,0.0,0.0,0.0,0.0,26.0,26.0,0.0,0.0,0.0,0.0
2020-03-27,38.0,38,0.0,0.0,0.0,0.0,9.0,9.0,0.0,0.0,0.0,0.0,35.0,35.0,0.0,0.0,0.0,0.0
2020-03-28,42.0,42,0.0,0.0,0.0,0.0,4.0,4.0,0.0,0.0,0.0,0.0,36.0,36.0,0.0,0.0,0.0,0.0
2020-03-29,45.0,50,4.0,1.0,0.0,0.0,3.0,8.0,4.0,1.0,0.0,0.0,36.0,41.0,4.0,1.0,0.0,0.0
2020-03-30,62.0,67,4.0,1.0,0.0,0.0,17.0,17.0,0.0,0.0,0.0,0.0,50.0,55.0,4.0,1.0,0.0,0.0
2020-03-31,117.0,124,6.0,1.0,0.0,0.0,55.0,57.0,2.0,0.0,0.0,0.0,99.0,106.0,6.0,1.0,0.0,0.0
2020-04-01,227.0,234,6.0,1.0,0.0,0.0,110.0,110.0,0.0,0.0,0.0,0.0,201.0,208.0,6.0,1.0,0.0,0.0
2020-04-02,302.0,309,6.0,1.0,0.0,0.0,75.0,75.0,0.0,0.0,0.0,0.0,273.0,280.0,6.0,1.0,0.0,0.0
2020-04-03,404.0,411,6.0,1.0,3684.0,0.0,102.0,102.0,0.0,0.0,3684.0,0.0,366.0,373.0,6.0,1.0,3684.0,0.0
2020-04-04,474.0,485,8.0,3.0,3684.0,0.0,70.0,74.0,2.0,2.0,0.0,0.0,432.0,443.0,8.0,3.0,3684.0,0.0
2020-04-05,558.0,571,8.0,5.0,3684.0,0.0,84.0,86.0,0.0,2.0,0.0,0.0,513.0,521.0,4.0,4.0,3684.0,0.0
2020-04-06,602.0,621,13.0,6.0,3684.0,0.0,44.0,50.0,5.0,1.0,0.0,0.0,540.0,554.0,9.0,5.0,3684.0,0.0
2020-04-07,664.0,690,19.0,7.0,3684.0,0.0,62.0,69.0,6.0,1.0,0.0,0.0,547.0,566.0,13.0,6.0,3684.0,0.0
2020-04-08,709.0,738,21.0,8.0,5305.0,0.0,45.0,48.0,2.0,1.0,1621.0,0.0,482.0,504.0,15.0,7.0,5305.0,0.0
2020-04-09,799.0,834,27.0,8.0,7267.0,0.0,90.0,96.0,6.0,0.0,1962.0,0.0,497.0,525.0,21.0,7.0,7267.0,0.0
2020-04-10,858.0,911,44.0,9.0,8410.0,0.0,59.0,77.0,17.0,1.0,1143.0,0.0,454.0,500.0,38.0,8.0,4726.0,0.0
2020-04-11,915.0,969,44.0,10.0,9842.0,0.0,57.0,58.0,0.0,1.0,1432.0,0.0,441.0,484.0,36.0,7.0,6158.0,0.0
2020-04-12,1014.0,1075,50.0,11.0,10655.0,0.0,99.0,106.0,6.0,1.0,813.0,0.0,456.0,504.0,42.0,6.0,6971.0,0.0
2020-04-13,1104.0,1173,58.0,11.0,12746.0,0.0,90.0,98.0,8.0,0.0,2091.0,0.0,502.0,552.0,45.0,5.0,9062.0,0.0
2020-04-14,1111.0,1204,81.0,12.0,19255.0,0.0,7.0,31.0,23.0,1.0,6509.0,0.0,447.0,514.0,62.0,5.0,15571.0,0.0
2020-04-15,1110.0,1242,118.0,14.0,21994.0,0.0,-1.0,38.0,37.0,2.0,2739.0,0.0,401.0,504.0,97.0,6.0,16689.0,0.0
2020-04-16,1072.0,1267,180.0,15.0,26005.0,0.0,-38.0,25.0,62.0,1.0,4011.0,0.0,273.0,433.0,153.0,7.0,18738.0,0.0
2020-04-17,1025.0,1323,283.0,15.0,29673.0,0.0,-47.0,56.0,103.0,0.0,3668.0,0.0,167.0,412.0,239.0,6.0,21263.0,0.0
2020-04-18,992.0,1372,365.0,15.0,35036.0,0.0,-33.0,49.0,82.0,0.0,5363.0,0.0,77.0,403.0,321.0,5.0,25194.0,0.0
2020-04-19,1051.0,1477,411.0,15.0,40876.0,0.0,59.0,105.0,46.0,0.0,5840.0,0.0,37.0,402.0,361.0,4.0,30221.0,0.0
2020-04-20,1046.0,1520,457.0,17.0,46985.0,0.0,-5.0,43.0,46.0,2.0,6109.0,0.0,-58.0,347.0,399.0,6.0,34239.0,0.0
2020-04-21,943.0,1596,635.0,18.0,53045.0,0.0,-103.0,76.0,178.0,1.0,6060.0,0.0,-168.0,392.0,554.0,6.0,33790.0,0.0
2020-04-22,949.0,1629,662.0,18.0,59023.0,0.0,6.0,33.0,27.0,0.0,5978.0,0.0,-161.0,387.0,544.0,4.0,37029.0,0.0
2020-04-23,911.0,1683,752.0,20.0,65977.0,0.0,-38.0,54.0,90.0,2.0,6954.0,0.0,-161.0,416.0,572.0,5.0,39972.0,0.0
2020-04-24,867.0,1755,866.0,22.0,72403.0,0.0,-44.0,72.0,114.0,2.0,6426.0,0.0,-158.0,432.0,583.0,7.0,42730.0,0.0
2020-04-25,838.0,1821,960.0,23.0,80110.0,0.0,-29.0,66.0,94.0,1.0,7707.0,0.0,-154.0,449.0,595.0,8.0,45074.0,0.0
2020-04-26,841.0,1885,1020.0,24.0,87605.0,0.0,3.0,64.0,60.0,1.0,7495.0,0.0,-210.0,408.0,609.0,9.0,46729.0,0.0
2020-04-27,839.0,1937,1074.0,24.0,94781.0,0.0,-2.0,52.0,54.0,0.0,7176.0,0.0,-207.0,417.0,617.0,7.0,47796.0,0.0
2020-04-28,905.0,2058,1128.0,25.0,101874.0,0.0,66.0,121.0,54.0,1.0,7093.0,0.0,-38.0,462.0,493.0,7.0,48829.0,0.0
2020-04-29,925.0,2162,1210.0,27.0,109961.0,0.0,20.0,104.0,82.0,2.0,8087.0,0.0,-24.0,533.0,548.0,9.0,50938.0,0.0
2020-04-30,1038.0,2323,1258.0,27.0,119748.0,0.0,113.0,161.0,48.0,0.0,9787.0,0.0,127.0,640.0,506.0,7.0,53771.0,0.0
2020-05-01,1186.0,2526,1312.0,28.0,129363.0,0.0,148.0,203.0,54.0,1.0,9615.0,0.0,319.0,771.0,446.0,6.0,56960.0,0.0
2020-05-02,1387.0,2757,1341.0,29.0,139490.0,0.0,201.0,231.0,29.0,1.0,10127.0,0.0,549.0,936.0,381.0,6.0,59380.0,0.0
2020-05-03,1614.0,3023,1379.0,30.0,150107.0,0.0,227.0,266.0,38.0,1.0,10617.0,0.0,773.0,1138.0,359.0,6.0,62502.0,0.0
2020-05-04,2110.0,3550,1409.0,31.0,162970.0,0.0,496.0,527.0,30.0,1.0,12863.0,0.0,1271.0,1613.0,335.0,7.0,68189.0,0.0
2020-05-05,2540.0,4058,1485.0,33.0,174828.0,0.0,430.0,508.0,76.0,2.0,11858.0,0.0,1635.0,2000.0,357.0,8.0,72954.0,0.0
2020-05-06,3278.0,4829,1516.0,35.0,188241.0,0.0,738.0,771.0,31.0,2.0,13413.0,0.0,2353.0,2667.0,306.0,8.0,78280.0,0.0
2020-05-07,3825.0,5409,1547.0,37.0,202436.0,0.0,547.0,580.0,31.0,2.0,14195.0,0.0,2787.0,3086.0,289.0,10.0,82688.0,0.0
2020-05-08,4364.0,6009,1605.0,40.0,216416.0,0.0,539.0,600.0,58.0,3.0,13980.0,0.0,3178.0,3483.0,293.0,12.0,87053.0,0.0
2020-05-09,4667.0,6535,1824.0,44.0,229670.0,0.0,303.0,526.0,219.0,4.0,13254.0,0.0,3280.0,3778.0,483.0,15.0,90180.0,0.0
2020-05-10,5198.0,7204,1959.0,47.0,243037.0,0.0,531.0,669.0,135.0,3.0,13367.0,0.0,3584.0,4181.0,580.0,17.0,92930.0,0.0
2020-05-11,5898.0,8002,2051.0,53.0,254899.0,0.0,700.0,798.0,92.0,6.0,11862.0,0.0,3788.0,4452.0,642.0,22.0,91929.0,0.0
2020-05-12,6523.0,8718,2134.0,61.0,266687.0,0.0,625.0,716.0,83.0,8.0,11788.0,0.0,3983.0,4660.0,649.0,28.0,91859.0,0.0
2020-05-13,6988.0,9227,2175.0,64.0,279467.0,0.0,465.0,509.0,41.0,3.0,12780.0,0.0,3710.0,4398.0,659.0,29.0,91226.0,0.0
2020-05-14,7368.0,9674,2240.0,66.0,291432.0,0.0,380.0,447.0,65.0,2.0,11965.0,0.0,3543.0,4265.0,693.0,29.0,88996.0,0.0
2020-05-15,7438.0,10108,2599.0,71.0,303104.0,0.0,70.0,434.0,359.0,5.0,11672.0,0.0,3074.0,4099.0,994.0,31.0,86688.0,0.0
2020-05-16,6972.0,10585,3538.0,75.0,313639.0,0.0,-466.0,477.0,939.0,4.0,10535.0,0.0,2305.0,4050.0,1714.0,31.0,83969.0,0.0
2020-05-17,6973.0,11224,4172.0,79.0,326720.0,0.0,1.0,639.0,634.0,4.0,13081.0,0.0,1775.0,4020.0,2213.0,32.0,83683.0,0.0
2020-05-18,7272.0,11760,4406.0,82.0,337841.0,0.0,299.0,536.0,234.0,3.0,11121.0,0.0,1374.0,3758.0,2355.0,29.0,82942.0,0.0
2020-05-19,7468.0,12448,4895.0,85.0,348174.0,0.0,196.0,688.0,489.0,3.0,10333.0,0.0,945.0,3730.0,2761.0,24.0,81487.0,0.0
2020-05-20,7221.0,13191,5882.0,88.0,360068.0,0.0,-247.0,743.0,987.0,3.0,11894.0,0.0,233.0,3964.0,3707.0,24.0,80601.0,0.0
2020-05-21,7590.0,13967,6282.0,95.0,372532.0,0.0,369.0,776.0,400.0,7.0,12464.0,0.0,222.0,4293.0,4042.0,29.0,81100.0,0.0
2020-05-22,7526.0,14753,7128.0,99.0,385185.0,0.0,-64.0,786.0,846.0,4.0,12653.0,0.0,88.0,4645.0,4529.0,28.0,82081.0,0.0
2020-05-23,7917.0,15512,7491.0,104.0,397340.0,0.0,391.0,759.0,363.0,5.0,12155.0,0.0,945.0,4927.0,3953.0,29.0,83701.0,0.0
2020-05-24,7841.0,16277,8324.0,112.0,409615.0,0.0,-76.0,765.0,833.0,8.0,12275.0,0.0,868.0,5053.0,4152.0,33.0,82895.0,0.0
2020-05-25,8232.0,17082,8731.0,119.0,421450.0,0.0,391.0,805.0,407.0,7.0,11835.0,0.0,960.0,5322.0,4325.0,37.0,83609.0,0.0
2020-05-26,8256.0,17728,9342.0,130.0,431739.0,0.0,24.0,646.0,611.0,11.0,10289.0,0.0,788.0,5280.0,4447.0,45.0,83565.0,0.0
2020-05-27,8500.0,18545,9909.0,136.0,442970.0,0.0,244.0,817.0,567.0,6.0,11231.0,0.0,1279.0,5354.0,4027.0,48.0,82902.0,0.0
2020-05-28,8676.0,19372,10548.0,148.0,455216.0,0.0,176.0,827.0,639.0,12.0,12246.0,0.0,1086.0,5405.0,4266.0,53.0,82684.0,0.0
2020-05-29,8776.0,20246,11313.0,157.0,466550.0,0.0,100.0,874.0,765.0,9.0,11334.0,0.0,1250.0,5493.0,4185.0,58.0,81365.0,0.0
2020-05-30,9021.0,21184,12000.0,163.0,479155.0,0.0,245.0,938.0,687.0,6.0,12605.0,0.0,1104.0,5672.0,4509.0,59.0,81815.0,0.0
2020-05-31,9400.0,22333,12757.0,176.0,491962.0,0.0,379.0,1149.0,757.0,13.0,12807.0,0.0,1559.0,6056.0,4433.0,64.0,82347.0,0.0
2020-06-01,10138.0,23495,13170.0,187.0,503339.0,0.0,738.0,1162.0,413.0,11.0,11377.0,0.0,1906.0,6413.0,4439.0,68.0,81889.0,0.0
2020-06-02,10680.0,24586,13706.0,200.0,514433.0,0.0,542.0,1091.0,536.0,13.0,11094.0,0.0,2424.0,6858.0,4364.0,70.0,82694.0,0.0
2020-06-03,11348.0,25872,14316.0,208.0,528534.0,0.0,668.0,1286.0,610.0,8.0,14101.0,0.0,2848.0,7327.0,4407.0,72.0,85564.0,0.0
2020-06-04,12132.0,27256,14901.0,223.0,544981.0,0.0,784.0,1384.0,585.0,15.0,16447.0,0.0,3456.0,7884.0,4353.0,75.0,89765.0,0.0
2020-06-05,12697.0,28694,15762.0,235.0,560673.0,0.0,565.0,1438.0,861.0,12.0,15692.0,0.0,3921.0,8448.0,4449.0,78.0,94123.0,0.0
2020-06-06,13503.0,30152,16395.0,254.0,576695.0,0.0,806.0,1458.0,633.0,19.0,16022.0,0.0,4482.0,8968.0,4395.0,91.0,97540.0,0.0
2020-06-07,14396.0,31667,16999.0,272.0,592970.0,0.0,893.0,1515.0,604.0,18.0,16275.0,0.0,4996.0,9334.0,4242.0,96.0,101008.0,0.0
2020-06-08,15413.0,33229,17527.0,289.0,607952.0,0.0,1017.0,1562.0,528.0,17.0,14982.0,0.0,5275.0,9734.0,4357.0,102.0,104613.0,0.0
2020-06-09,16282.0,34914,18325.0,307.0,621171.0,0.0,869.0,1685.0,798.0,18.0,13219.0,0.0,5602.0,10328.0,4619.0,107.0,106738.0,0.0
2020-06-10,17182.0,36841,19333.0,326.0,638846.0,0.0,900.0,1927.0,1008.0,19.0,17675.0,0.0,5834.0,10969.0,5017.0,118.0,110312.0,0.0
2020-06-11,17662.0,38716,20705.0,349.0,655675.0,0.0,480.0,1875.0,1372.0,23.0,16829.0,0.0,5530.0,11460.0,5804.0,126.0,110694.0,0.0
2020-06-12,18284.0,40698,22047.0,367.0,673906.0,0.0,622.0,1982.0,1342.0,18.0,18231.0,0.0,5587.0,12004.0,6285.0,132.0,113233.0,0.0
2020-06-13,18881.0,42687,23409.0,397.0,691817.0,0.0,597.0,1989.0,1362.0,30.0,17911.0,0.0,5378.0,12535.0,7014.0,143.0,115122.0,0.0
2020-06-14,19679.0,44661,24547.0,435.0,710599.0,0.0,798.0,1974.0,1138.0,38.0,18782.0,0.0,5283.0,12994.0,7548.0,163.0,117629.0,0.0
2020-06-15,20681.0,46504,25344.0,479.0,729002.0,0.0,1002.0,1843.0,797.0,44.0,18403.0,0.0,5268.0,13275.0,7817.0,190.0,121050.0,0.0
2020-06-16,20709.0,48019,26782.0,528.0,748244.0,0.0,28.0,1515.0,1438.0,49.0,19242.0,0.0,4427.0,13105.0,8457.0,221.0,127073.0,0.0
2020-06-17,21993.0,50193,27624.0,576.0,773707.0,0.0,1284.0,2174.0,842.0,48.0,25463.0,0.0,4811.0,13352.0,8291.0,250.0,134861.0,0.0
2020-06-18,23068.0,52334,28641.0,625.0,800443.0,0.0,1075.0,2141.0,1017.0,49.0,26736.0,0.0,5406.0,13618.0,7936.0,276.0,144768.0,0.0
2020-06-19,23512.0,54449,30271.0,666.0,827980.0,0.0,444.0,2115.0,1630.0,41.0,27537.0,0.0,5228.0,13751.0,8224.0,299.0,154074.0,0.0
2020-06-20,24825.0,56845,31316.0,704.0,861211.0,0.0,1313.0,2396.0,1045.0,38.0,33231.0,0.0,5944.0,14158.0,7907.0,307.0,169394.0,0.0
2020-06-21,25866.0,59377,32754.0,757.0,892612.0,0.0,1041.0,2532.0,1438.0,53.0,31401.0,0.0,6187.0,14716.0,8207.0,322.0,182013.0,0.0
2020-06-22,27181.0,62087,34112.0,794.0,919204.0,0.0,1315.0,2710.0,1358.0,37.0,26592.0,0.0,6500.0,15583.0,8768.0,315.0,190202.0,0.0
2020-06-23,28431.0,64603,35339.0,833.0,944352.0,0.0,1250.0,2516.0,1227.0,39.0,25148.0,0.0,7722.0,16584.0,8557.0,305.0,196108.0,0.0
2020-06-24,28839.0,67468,37763.0,866.0,976431.0,0.0,408.0,2865.0,2424.0,33.0,32079.0,0.0,6846.0,17275.0,10139.0,290.0,202724.0,0.0
2020-06-25,30067.0,70977,39999.0,911.0,1008974.0,0.0,1228.0,3509.0,2236.0,45.0,32543.0,0.0,6999.0,18643.0,11358.0,286.0,208531.0,0.0
2020-06-26,32308.0,74622,41357.0,957.0,1042649.0,0.0,2241.0,3645.0,1358.0,46.0,33675.0,0.0,8796.0,20173.0,11086.0,291.0,214669.0,0.0
2020-06-27,33216.0,78335,44094.0,1025.0,1077454.0,0.0,908.0,3713.0,2737.0,68.0,34805.0,0.0,8391.0,21490.0,12778.0,321.0,216243.0,0.0
2020-06-28,35659.0,82275,45537.0,1079.0,1110402.0,0.0,2443.0,3940.0,1443.0,54.0,32948.0,0.0,9793.0,22898.0,12783.0,322.0,217790.0,0.0
2020-06-29,37334.0,86224,47749.0,1141.0,1140441.0,0.0,1675.0,3949.0,2212.0,62.0,30039.0,0.0,10153.0,24137.0,13637.0,347.0,221237.0,0.0
2020-06-30,38892.0,90167,50074.0,1201.0,1170683.0,0.0,1558.0,3943.0,2325.0,60.0,30242.0,0.0,10461.0,25564.0,14735.0,368.0,226331.0,0.0
2020-07-01,39859.0,94049,52926.0,1264.0,1202204.0,0.0,967.0,3882.0,2852.0,63.0,31521.0,0.0,11020.0,26581.0,15163.0,398.0,225773.0,0.0
2020-07-02,41050.0,98392,56021.0,1321.0,1235692.0,0.0,1191.0,4343.0,3095.0,57.0,33488.0,0.0,10983.0,27415.0,16022.0,410.0,226718.0,0.0
2020-07-03,42958.0,102721,58378.0,1385.0,1270720.0,0.0,1908.0,4329.0,2357.0,64.0,35028.0,0.0,10650.0,28099.0,17021.0,428.0,228071.0,0.0
2020-07-04,44959.0,107001,60592.0,1450.0,1306884.0,0.0,2001.0,4280.0,2214.0,65.0,36164.0,0.0,11743.0,28666.0,16498.0,425.0,229430.0,0.0
2020-07-05,46863.0,111151,62778.0,1510.0,1341715.0,0.0,1904.0,4150.0,2186.0,60.0,34831.0,0.0,11204.0,28876.0,17241.0,431.0,231313.0,0.0
2020-07-06,46836.0,114978,66571.0,1571.0,1376497.0,0.0,-27.0,3827.0,3793.0,61.0,34782.0,0.0,9502.0,28754.0,18822.0,430.0,236056.0,0.0
2020-07-07,45842.0,118594,71116.0,1636.0,1413435.0,0.0,-994.0,3616.0,4545.0,65.0,36938.0,0.0,6950.0,28427.0,21042.0,435.0,242752.0,0.0
2020-07-08,46483.0,122350,74167.0,1700.0,1449414.0,0.0,641.0,3756.0,3051.0,64.0,35979.0,0.0,6624.0,28301.0,21241.0,436.0,247210.0,0.0
2020-07-09,46655.0,126581,78161.0,1765.0,1491783.0,0.0,172.0,4231.0,3994.0,65.0,42369.0,0.0,5605.0,28189.0,22140.0,444.0,256091.0,0.0
2020-07-10,46108.0,130261,82324.0,1829.0,1529092.0,0.0,-547.0,3680.0,4163.0,64.0,37309.0,0.0,3150.0,27540.0,23946.0,444.0,258372.0,0.0
2020-07-11,46413.0,134226,85915.0,1898.0,1566917.0,0.0,305.0,3965.0,3591.0,69.0,37825.0,0.0,1454.0,27225.0,25323.0,448.0,260033.0,0.0
2020-07-12,46972.0,138470,89532.0,1966.0,1609448.0,0.0,559.0,4244.0,3617.0,68.0,42531.0,0.0,109.0,27319.0,26754.0,456.0,267733.0,0.0
2020-07-13,48199.0,142798,92567.0,2032.0,1654008.0,0.0,1227.0,4328.0,3035.0,66.0,44560.0,0.0,1363.0,27820.0,25996.0,461.0,277511.0,0.0
2020-07-14,47915.0,147324,97310.0,2099.0,1695365.0,0.0,-284.0,4526.0,4743.0,67.0,41357.0,0.0,2073.0,28730.0,26194.0,463.0,281930.0,0.0
2020-07-15,47343.0,151820,102310.0,2167.0,1736747.0,0.0,-572.0,4496.0,5000.0,68.0,41382.0,0.0,860.0,29470.0,28143.0,467.0,287333.0,0.0
2020-07-16,46717.0,156369,107416.0,2236.0,1782635.0,0.0,-626.0,4549.0,5106.0,69.0,45888.0,0.0,62.0,29788.0,29255.0,471.0,290852.0,0.0
2020-07-17,47785.0,160907,110807.0,2315.0,1831304.0,0.0,1068.0,4538.0,3391.0,79.0,48669.0,0.0,1677.0,30646.0,28483.0,486.0,302212.0,0.0
2020-07-18,49455.0,165714,113856.0,2403.0,1879499.0,0.0,1670.0,4807.0,3049.0,88.0,48195.0,0.0,3042.0,31488.0,27941.0,505.0,312582.0,0.0
2020-07-19,50297.0,170693,117915.0,2481.0,1932492.0,0.0,842.0,4979.0,4059.0,78.0,52993.0,0.0,3325.0,32223.0,28383.0,515.0,323044.0,0.0
2020-07-20,51351.0,175678,121776.0,2551.0,1984579.0,0.0,1054.0,4985.0,3861.0,70.0,52087.0,0.0,3152.0,32880.0,29209.0,519.0,330571.0,0.0
2020-07-21,51347.0,180643,126670.0,2626.0,2035645.0,0.0,-4.0,4965.0,4894.0,75.0,51066.0,0.0,3432.0,33319.0,29360.0,527.0,340280.0,0.0
2020-07-22,51765.0,186492,131583.0,3144.0,2095757.0,0.0,418.0,5849.0,4913.0,518.0,60112.0,0.0,4422.0,34672.0,29273.0,977.0,359010.0,0.0
2020-07-23,52939.0,192964,136793.0,3232.0,2157869.0,0.0,1174.0,6472.0,5210.0,88.0,62112.0,0.0,6222.0,36595.0,29377.0,996.0,375234.0,0.0
2020-07-24,53132.0,199749,143297.0,3320.0,2223019.0,0.0,193.0,6785.0,6504.0,88.0,65150.0,0.0,5347.0,38842.0,32490.0,1005.0,391715.0,0.0
2020-07-25,52273.0,206737,151055.0,3409.0,2287334.0,0.0,-859.0,6988.0,7758.0,89.0,64315.0,0.0,2818.0,41023.0,37199.0,1006.0,407835.0,0.0
2020-07-26,53703.0,213723,156526.0,3494.0,2351463.0,0.0,1430.0,6986.0,5471.0,85.0,64129.0,0.0,3406.0,43030.0,38611.0,1013.0,418971.0,0.0
2020-07-27,54896.0,220716,162249.0,3571.0,2414713.0,0.0,1193.0,6993.0,5723.0,77.0,63250.0,0.0,3545.0,45038.0,40473.0,1020.0,430134.0,0.0
2020-07-28,57073.0,227688,166956.0,3659.0,2475866.0,0.0,2177.0,6972.0,4707.0,88.0,61153.0,0.0,5726.0,47045.0,40286.0,1033.0,440221.0,0.0
2020-07-29,57490.0,234114,172883.0,3741.0,2536660.0,0.0,417.0,6426.0,5927.0,82.0,60794.0,0.0,5725.0,47622.0,41300.0,597.0,440903.0,0.0
2020-07-30,57959.0,239978,178178.0,3841.0,2597862.0,0.0,469.0,5864.0,5295.0,100.0,61202.0,0.0,5020.0,47014.0,41385.0,609.0,439993.0,0.0
2020-07-31,57968.0,245859,183956.0,3935.0,2658138.0,0.0,9.0,5881.0,5778.0,94.0,60276.0,0.0,4836.0,46110.0,40659.0,615.0,435119.0,0.0
2020-08-01,56738.0,251738,190966.0,4034.0,2718718.0,0.0,-1230.0,5879.0,7010.0,99.0,60580.0,0.0,4465.0,45001.0,39911.0,625.0,431384.0,0.0
2020-08-02,56998.0,257613,196483.0,4132.0,2779062.0,0.0,260.0,5875.0,5517.0,98.0,60344.0,0.0,3295.0,43890.0,39957.0,638.0,427599.0,0.0
2020-08-03,56698.0,263222,202283.0,4241.0,2837273.0,0.0,-300.0,5609.0,5800.0,109.0,58211.0,0.0,1802.0,42506.0,40034.0,670.0,422560.0,0.0
2020-08-04,55152.0,268285,208784.0,4349.0,2892395.0,0.0,-1546.0,5063.0,6501.0,108.0,55122.0,0.0,-1921.0,40597.0,41828.0,690.0,416529.0,0.0
2020-08-05,54184.0,273460,214815.0,4461.0,2953561.0,0.0,-968.0,5175.0,6031.0,112.0,61166.0,0.0,-3306.0,39346.0,41932.0,720.0,416901.0,0.0
2020-08-06,53486.0,279144,221087.0,4571.0,3020714.0,0.0,-698.0,5684.0,6272.0,110.0,67153.0,0.0,-4473.0,39166.0,42909.0,730.0,422852.0,0.0
2020-08-07,52759.0,285024,227575.0,4690.0,3088066.0,0.0,-727.0,5880.0,6488.0,119.0,67352.0,0.0,-5209.0,39165.0,43619.0,755.0,429928.0,0.0
2020-08-08,53481.0,290907,232618.0,4808.0,3155619.0,0.0,722.0,5883.0,5043.0,118.0,67553.0,0.0,-3257.0,39169.0,41652.0,774.0,436901.0,0.0
2020-08-09,53336.0,296901,238638.0,4927.0,3225805.0,0.0,-145.0,5994.0,6020.0,119.0,70186.0,0.0,-3662.0,39288.0,42155.0,795.0,446743.0,0.0
2020-08-10,53099.0,302815,244675.0,5041.0,3292958.0,0.0,-237.0,5914.0,6037.0,114.0,67153.0,0.0,-3599.0,39593.0,42392.0,800.0,455685.0,0.0
2020-08-11,52810.0,308649,250680.0,5159.0,3360450.0,0.0,-289.0,5834.0,6005.0,118.0,67492.0,0.0,-2342.0,40364.0,41896.0,810.0,468055.0,0.0
2020-08-12,52929.0,314520,256313.0,5278.0,3432025.0,0.0,119.0,5871.0,5633.0,119.0,71575.0,0.0,-1255.0,41060.0,41498.0,817.0,478464.0,0.0
2020-08-13,53499.0,320355,261459.0,5397.0,3499300.0,0.0,570.0,5835.0,5146.0,119.0,67275.0,0.0,13.0,41211.0,40372.0,826.0,478586.0,0.0
2020-08-14,53716.0,326245,267015.0,5514.0,3569453.0,0.0,217.0,5890.0,5556.0,117.0,70153.0,0.0,957.0,41221.0,39440.0,824.0,481387.0,0.0
2020-08-15,54213.0,332105,272251.0,5641.0,3640796.0,0.0,497.0,5860.0,5236.0,127.0,71343.0,0.0,732.0,41198.0,39633.0,833.0,485177.0,0.0
2020-08-16,54019.0,338055,278270.0,5766.0,3711246.0,0.0,-194.0,5950.0,6019.0,125.0,70450.0,0.0,683.0,41154.0,39632.0,839.0,485441.0,0.0
2020-08-17,54122.0,343945,283937.0,5886.0,3778778.0,0.0,103.0,5890.0,5667.0,120.0,67532.0,0.0,1023.0,41130.0,39262.0,845.0,485820.0,0.0
2020-08-18,53860.0,349654,289787.0,6007.0,3845803.0,0.0,-262.0,5709.0,5850.0,121.0,67025.0,0.0,1050.0,41005.0,39107.0,848.0,485353.0,0.0
2020-08-19,53155.0,355449,296171.0,6123.0,3913523.0,0.0,-705.0,5795.0,6384.0,116.0,67720.0,0.0,226.0,40929.0,39858.0,845.0,481498.0,0.0
2020-08-20,53283.0,361435,301913.0,6239.0,3988599.0,0.0,128.0,5986.0,5742.0,116.0,75076.0,0.0,-216.0,41080.0,40454.0,842.0,489299.0,0.0
2020-08-21,53413.0,367430,307677.0,6340.0,4062943.0,0.0,130.0,5995.0,5764.0,101.0,74344.0,0.0,-303.0,41185.0,40662.0,826.0,493490.0,0.0
2020-08-22,53710.0,373410,313280.0,6420.0,4136490.0,0.0,297.0,5980.0,5603.0,80.0,73547.0,0.0,-503.0,41305.0,41029.0,779.0,495694.0,0.0
2020-08-23,53541.0,379385,319327.0,6517.0,4206617.0,0.0,-169.0,5975.0,6047.0,97.0,70127.0,0.0,-478.0,41330.0,41057.0,751.0,495371.0,0.0
2020-08-24,53282.0,385352,325456.0,6614.0,4276640.0,0.0,-259.0,5967.0,6129.0,97.0,70023.0,0.0,-840.0,41407.0,41519.0,728.0,497862.0,0.0
2020-08-25,52128.0,391303,332454.0,6721.0,4346861.0,0.0,-1154.0,5951.0,6998.0,107.0,70221.0,0.0,-1732.0,41649.0,42667.0,714.0,501058.0,0.0
2020-08-26,52362.0,397261,338060.0,6839.0,4422361.0,0.0,234.0,5958.0,5606.0,118.0,75500.0,0.0,-793.0,41812.0,41889.0,716.0,508838.0,0.0
2020-08-27,52364.0,403242,343930.0,6948.0,4498706.0,0.0,2.0,5981.0,5870.0,109.0,76345.0,0.0,-919.0,41807.0,42017.0,709.0,510107.0,0.0
2020-08-28,52506.0,409238,349682.0,7050.0,4573809.0,0.0,142.0,5996.0,5752.0,102.0,75103.0,0.0,-907.0,41808.0,42005.0,710.0,510866.0,0.0
2020-08-29,52726.0,415590,355727.0,7137.0,4654797.0,0.0,220.0,6352.0,6045.0,87.0,80988.0,0.0,-984.0,42180.0,42447.0,717.0,518307.0,0.0
2020-08-30,52721.0,422085,362133.0,7231.0,4738047.0,0.0,-5.0,6495.0,6406.0,94.0,83250.0,0.0,-820.0,42700.0,42806.0,714.0,531430.0,0.0
2020-08-31,52578.0,428041,368141.0,7322.0,4813147.0,0.0,-143.0,5956.0,6008.0,91.0,75100.0,0.0,-704.0,42689.0,42685.0,708.0,536507.0,0.0
2020-09-01,52379.0,433969,374172.0,7418.0,4888312.0,0.0,-199.0,5928.0,6031.0,96.0,75165.0,0.0,251.0,42666.0,41718.0,697.0,541451.0,0.0
2020-09-02,52380.0,439959,380063.0,7516.0,4964141.0,0.0,1.0,5990.0,5891.0,98.0,75829.0,0.0,18.0,42698.0,42003.0,677.0,541780.0,0.0
2020-09-03,52070.0,445851,386173.0,7608.0,5047042.0,0.0,-310.0,5892.0,6110.0,92.0,82901.0,0.0,-294.0,42609.0,42243.0,660.0,548336.0,0.0
2020-09-04,51633.0,451827,392507.0,7687.0,5130741.0,0.0,-437.0,5976.0,6334.0,79.0,83699.0,0.0,-873.0,42589.0,42825.0,637.0,556932.0,0.0
2020-09-05,51580.0,457697,398366.0,7751.0,5212534.0,0.0,-53.0,5870.0,5859.0,64.0,81793.0,0.0,-1146.0,42107.0,42639.0,614.0,557737.0,0.0
2020-09-06,51458.0,463480,404186.0,7836.0,5298508.0,0.0,-122.0,5783.0,5820.0,85.0,85974.0,0.0,-1263.0,41395.0,42053.0,605.0,560461.0,0.0
2020-09-07,51215.0,469256,410116.0,7925.0,5379011.0,0.0,-243.0,5776.0,5930.0,89.0,80503.0,0.0,-1363.0,41215.0,41975.0,603.0,565864.0,0.0
2020-09-08,50213.0,474940,416715.0,8012.0,5462277.0,0.0,-1002.0,5684.0,6599.0,87.0,83266.0,0.0,-2166.0,40971.0,42543.0,594.0,573965.0,0.0
2020-09-09,49203.0,480524,423231.0,8090.0,5544850.0,0.0,-1010.0,5584.0,6516.0,78.0,82573.0,0.0,-3177.0,40565.0,43168.0,574.0,580709.0,0.0
2020-09-10,48482.0,486052,429416.0,8154.0,5630323.0,0.0,-721.0,5528.0,6185.0,64.0,85473.0,0.0,-3588.0,40201.0,43243.0,546.0,583281.0,0.0
2020-09-11,47918.0,491571,435422.0,8231.0,5715216.0,0.0,-564.0,5519.0,6006.0,77.0,84893.0,0.0,-3715.0,39744.0,42915.0,544.0,584475.0,0.0
2020-09-12,47110.0,497066,441649.0,8307.0,5803778.0,0.0,-808.0,5495.0,6227.0,76.0,88562.0,0.0,-4470.0,39369.0,43283.0,556.0,591244.0,0.0
2020-09-13,47012.0,502759,447366.0,8381.0,5888086.0,0.0,-98.0,5693.0,5717.0,74.0,84308.0,0.0,-4446.0,39279.0,43180.0,545.0,589578.0,0.0
2020-09-14,46912.0,508511,453165.0,8434.0,5968209.0,0.0,-100.0,5752.0,5799.0,53.0,80123.0,0.0,-4303.0,39255.0,43049.0,509.0,589198.0,0.0
2020-09-15,46806.0,514208,458900.0,8502.0,6048832.0,0.0,-106.0,5697.0,5735.0,68.0,80623.0,0.0,-3407.0,39268.0,42185.0,490.0,586555.0,0.0
2020-09-16,46633.0,519860,464668.0,8559.0,6133399.0,0.0,-173.0,5652.0,5768.0,57.0,84567.0,0.0,-2570.0,39336.0,41437.0,469.0,588549.0,0.0
2020-09-17,46610.0,525420,470192.0,8618.0,6217923.0,0.0,-23.0,5560.0,5524.0,59.0,84524.0,0.0,-1872.0,39368.0,40776.0,464.0,587600.0,0.0
2020-09-18,46506.0,530908,475717.0,8685.0,6303466.0,0.0,-104.0,5488.0,5525.0,67.0,85543.0,0.0,-1412.0,39337.0,40295.0,454.0,588250.0,0.0
2020-09-19,46453.0,536477,481273.0,8751.0,6388583.0,0.0,-53.0,5569.0,5556.0,66.0,85117.0,0.0,-657.0,39411.0,39624.0,444.0,584805.0,0.0
2020-09-20,46703.0,541993,486479.0,8811.0,6474656.0,0.0,250.0,5516.0,5206.0,60.0,86073.0,0.0,-309.0,39234.0,39113.0,430.0,586570.0,0.0
2020-09-21,46495.0,547337,491971.0,8871.0,6555328.0,0.0,-208.0,5344.0,5492.0,60.0,80672.0,0.0,-417.0,38826.0,38806.0,437.0,587119.0,0.0
2020-09-22,46350.0,552674,497377.0,8947.0,6640058.0,0.0,-145.0,5337.0,5406.0,76.0,84730.0,0.0,-456.0,38466.0,38477.0,445.0,591226.0,0.0
2020-09-23,46249.0,557999,502740.0,9010.0,6725037.0,0.0,-101.0,5325.0,5363.0,63.0,84979.0,0.0,-384.0,38139.0,38072.0,451.0,591638.0,0.0
2020-09-24,46405.0,563691,508210.0,9076.0,6815644.0,0.0,156.0,5692.0,5470.0,66.0,90607.0,0.0,-205.0,38271.0,38018.0,458.0,597721.0,0.0
2020-09-25,46386.0,569370,513836.0,9148.0,6910521.0,0.0,-19.0,5679.0,5626.0,72.0,94877.0,0.0,-120.0,38462.0,38119.0,463.0,607055.0,0.0
2020-09-26,46336.0,575017,519448.0,9233.0,7004558.0,0.0,-50.0,5647.0,5612.0,85.0,94037.0,0.0,-117.0,38540.0,38175.0,482.0,615975.0,0.0
2020-09-27,46341.0,580808,525154.0,9313.0,7100660.0,0.0,5.0,5791.0,5706.0,80.0,96102.0,0.0,-362.0,38815.0,38675.0,502.0,626004.0,0.0
2020-09-28,46306.0,586397,530708.0,9383.0,7181125.0,0.0,-35.0,5589.0,5554.0,70.0,80465.0,0.0,-189.0,39060.0,38737.0,512.0,625797.0,0.0
2020-09-29,46281.0,591943,536209.0,9453.0,7267122.0,0.0,-25.0,5546.0,5501.0,70.0,85997.0,0.0,-69.0,39269.0,38832.0,506.0,627064.0,0.0
2020-09-30,46263.0,597602,541819.0,9520.0,7354050.0,0.0,-18.0,5659.0,5610.0,67.0,86928.0,0.0,14.0,39603.0,39079.0,510.0,629013.0,0.0
2020-10-01,46369.0,603290,547335.0,9586.0,7441697.0,0.0,106.0,5688.0,5516.0,66.0,87647.0,0.0,-36.0,39599.0,39125.0,510.0,626053.0,0.0
2020-10-02,46294.0,608885,552938.0,9653.0,7526688.0,0.0,-75.0,5595.0,5603.0,67.0,84991.0,0.0,-92.0,39515.0,39102.0,505.0,616167.0,0.0
2020-10-03,46255.0,614507,558534.0,9718.0,7613999.0,0.0,-39.0,5622.0,5596.0,65.0,87311.0,0.0,-81.0,39490.0,39086.0,485.0,609441.0,0.0
2020-10-04,46120.0,619996,564092.0,9784.0,7700011.0,0.0,-135.0,5489.0,5558.0,66.0,86012.0,0.0,-221.0,39188.0,38938.0,471.0,599351.0,0.0
2020-10-05,45881.0,625391,569664.0,9846.0,7782736.0,0.0,-239.0,5395.0,5572.0,62.0,82725.0,0.0,-425.0,38994.0,38956.0,463.0,601611.0,0.0
2020-10-06,45279.0,630408,575212.0,9917.0,7863864.0,0.0,-602.0,5017.0,5548.0,71.0,81128.0,0.0,-1002.0,38465.0,39003.0,464.0,596742.0,0.0
2020-10-07,45135.0,635855,580736.0,9984.0,7957106.0,0.0,-144.0,5447.0,5524.0,67.0,93242.0,0.0,-1128.0,38253.0,38917.0,464.0,603056.0,0.0
2020-10-08,44437.0,640943,586454.0,10052.0,8044447.0,0.0,-698.0,5088.0,5718.0,68.0,87341.0,0.0,-1932.0,37653.0,39119.0,466.0,602750.0,0.0
2020-10-09,44197.0,646128,591811.0,10120.0,8141534.0,0.0,-240.0,5185.0,5357.0,68.0,97087.0,0.0,-2097.0,37243.0,38873.0,467.0,614846.0,0.0
2020-10-10,44150.0,651370,597033.0,10187.0,8232725.0,0.0,-47.0,5242.0,5222.0,67.0,91191.0,0.0,-2105.0,36863.0,38499.0,469.0,618726.0,0.0
2020-10-11,44095.0,656385,602038.0,10252.0,8322832.0,0.0,-55.0,5015.0,5005.0,65.0,90107.0,0.0,-2025.0,36389.0,37946.0,468.0,622821.0,0.0
2020-10-12,43747.0,661264,607203.0,10314.0,8402994.0,0.0,-348.0,4879.0,5165.0,62.0,80162.0,0.0,-2134.0,35873.0,37539.0,468.0,620258.0,0.0
2020-10-13,43239.0,665930,612320.0,10371.0,8488503.0,0.0,-508.0,4666.0,5117.0,57.0,85509.0,0.0,-2040.0,35522.0,37108.0,454.0,624639.0,0.0
2020-10-14,42566.0,670392,617403.0,10423.0,8584041.0,0.0,-673.0,4462.0,5083.0,52.0,95538.0,0.0,-2569.0,34537.0,36667.0,439.0,626935.0,0.0
2020-10-15,41872.0,674802,622458.0,10472.0,8674793.0,0.0,-694.0,4410.0,5055.0,49.0,90752.0,0.0,-2565.0,33859.0,36004.0,420.0,630346.0,0.0
2020-10-16,40956.0,679191,627703.0,10532.0,8766038.0,0.0,-916.0,4389.0,5245.0,60.0,91245.0,0.0,-3241.0,33063.0,35892.0,412.0,624504.0,0.0
2020-10-17,40192.0,683486,632708.0,10586.0,8856280.0,0.0,-764.0,4295.0,5005.0,54.0,90242.0,0.0,-3958.0,32116.0,35675.0,399.0,623555.0,0.0
2020-10-18,39121.0,687400,637637.0,10642.0,8946566.0,0.0,-1071.0,3914.0,4929.0,56.0,90286.0,0.0,-4974.0,31015.0,35599.0,390.0,623734.0,0.0
2020-10-19,38090.0,690936,642152.0,10694.0,9031696.0,0.0,-1031.0,3536.0,4515.0,52.0,85130.0,0.0,-5657.0,29672.0,34949.0,380.0,628702.0,0.0
2020-10-20,36734.0,694030,646555.0,10741.0,9112067.0,0.0,-1356.0,3094.0,4403.0,47.0,80371.0,0.0,-6505.0,28100.0,34235.0,370.0,623564.0,0.0
2020-10-21,35480.0,697116,650856.0,10780.0,9193849.0,0.0,-1254.0,3086.0,4301.0,39.0,81782.0,0.0,-7086.0,26724.0,33453.0,357.0,609808.0,0.0
2020-10-22,34198.0,700193,655170.0,10825.0,9275108.0,0.0,-1282.0,3077.0,4314.0,45.0,81259.0,0.0,-7674.0,25391.0,32712.0,353.0,600315.0,0.0
2020-10-23,32960.0,703250,659432.0,10858.0,9356580.0,0.0,-1238.0,3057.0,4262.0,33.0,81472.0,0.0,-7996.0,24059.0,31729.0,326.0,590542.0,0.0
2020-10-24,31787.0,706136,663456.0,10893.0,9436817.0,0.0,-1173.0,2886.0,4024.0,35.0,80237.0,0.0,-8405.0,22650.0,30748.0,307.0,580537.0,0.0
2020-10-25,30606.0,709005,667475.0,10924.0,9517507.0,0.0,-1181.0,2869.0,4019.0,31.0,80690.0,0.0,-8515.0,21605.0,29838.0,282.0,570941.0,0.0
2020-10-26,29268.0,711713,671489.0,10956.0,9589743.0,0.0,-1338.0,2708.0,4014.0,32.0,72236.0,0.0,-8822.0,20777.0,29337.0,262.0,558047.0,0.0
2020-10-27,27734.0,714235,675518.0,10983.0,9660430.0,0.0,-1534.0,2522.0,4029.0,27.0,70687.0,0.0,-9000.0,20205.0,28963.0,242.0,548363.0,0.0
2020-10-28,26356.0,716751,679377.0,11018.0,9732863.0,0.0,-1378.0,2516.0,3859.0,35.0,72433.0,0.0,-9124.0,19635.0,28521.0,238.0,539014.0,0.0
2020-10-29,24886.0,719403,683464.0,11053.0,9808087.0,0.0,-1470.0,2652.0,4087.0,35.0,75224.0,0.0,-9312.0,19210.0,28294.0,228.0,532979.0,0.0
2020-10-30,23532.0,722011,687388.0,11091.0,9885443.0,0.0,-1354.0,2608.0,3924.0,38.0,77356.0,0.0,-9428.0,18761.0,27956.0,233.0,528863.0,0.0
2020-10-31,22164.0,724522,691236.0,11122.0,9956210.0,0.0,-1368.0,2511.0,3848.0,31.0,70767.0,0.0,-9623.0,18386.0,27780.0,229.0,519393.0,0.0
2020-11-01,20994.0,727026,694880.0,11152.0,10029222.0,0.0,-1170.0,2504.0,3644.0,30.0,73012.0,0.0,-9612.0,18021.0,27405.0,228.0,511715.0,0.0
2020-11-02,19504.0,729507,698820.0,11183.0,10099519.0,0.0,-1490.0,2481.0,3940.0,31.0,70297.0,0.0,-9764.0,17794.0,27331.0,227.0,509776.0,0.0
2020-11-03,19201.0,731942,701527.0,11214.0,10169917.0,0.0,-303.0,2435.0,2707.0,31.0,70398.0,0.0,-8533.0,17707.0,26009.0,231.0,509487.0,0.0
2020-11-04,19154.0,734429,704031.0,11244.0,10245248.0,0.0,-47.0,2487.0,2504.0,30.0,75331.0,0.0,-7202.0,17678.0,24654.0,226.0,512385.0,0.0
2020-11-05,19061.0,736777,706444.0,11272.0,10325440.0,0.0,-93.0,2348.0,2413.0,28.0,80192.0,0.0,-5825.0,17374.0,22980.0,219.0,517353.0,0.0
2020-11-06,19002.0,739147,708846.0,11299.0,10406226.0,0.0,-59.0,2370.0,2402.0,27.0,80786.0,0.0,-4530.0,17136.0,21458.0,208.0,520783.0,0.0
2020-11-07,18966.0,741488,711198.0,11324.0,10486338.0,0.0,-36.0,2341.0,2352.0,25.0,80112.0,0.0,-3198.0,16966.0,19962.0,202.0,530128.0,0.0
2020-11-08,18894.0,743822,713584.0,11344.0,10561722.0,0.0,-72.0,2334.0,2386.0,20.0,75384.0,0.0,-2100.0,16796.0,18704.0,192.0,532500.0,0.0
2020-11-09,18825.0,746079,715892.0,11362.0,10636999.0,0.0,-69.0,2257.0,2308.0,18.0,75277.0,0.0,-679.0,16572.0,17072.0,179.0,537480.0,0.0
2020-11-10,18709.0,748225,718129.0,11387.0,10709256.0,0.0,-116.0,2146.0,2237.0,25.0,72257.0,0.0,-492.0,16283.0,16602.0,173.0,539339.0,0.0
2020-11-11,18655.0,750409,720339.0,11415.0,10786565.0,0.0,-54.0,2184.0,2210.0,28.0,77309.0,0.0,-499.0,15980.0,16308.0,171.0,541317.0,0.0
2020-11-12,18395.0,752521,722686.0,11440.0,10863921.0,0.0,-260.0,2112.0,2347.0,25.0,77356.0,0.0,-666.0,15744.0,16242.0,168.0,538481.0,0.0
2020-11-13,17748.0,754460,725258.0,11454.0,10937407.0,0.0,-647.0,1939.0,2572.0,14.0,73486.0,0.0,-1254.0,15313.0,16412.0,155.0,531181.0,0.0
2020-11-14,17154.0,756372,727752.0,11466.0,11007832.0,0.0,-594.0,1912.0,2494.0,12.0,70425.0,0.0,-1812.0,14884.0,16554.0,142.0,521494.0,0.0
2020-11-15,16441.0,758191,730272.0,11478.0,11072885.0,0.0,-713.0,1819.0,2520.0,12.0,65053.0,0.0,-2453.0,14369.0,16688.0,134.0,511163.0,0.0
2020-11-16,15765.0,759916,732656.0,11495.0,11136662.0,0.0,-676.0,1725.0,2384.0,17.0,63777.0,0.0,-3060.0,13837.0,16764.0,133.0,499663.0,0.0
2020-11-17,15085.0,761568,734970.0,11513.0,11199077.0,0.0,-680.0,1652.0,2314.0,18.0,62415.0,0.0,-3624.0,13343.0,16841.0,126.0,489821.0,0.0
2020-11-18,14470.0,763282,737281.0,11531.0,11266091.0,0.0,-615.0,1714.0,2311.0,18.0,67014.0,0.0,-4185.0,12873.0,16942.0,116.0,479526.0,0.0
2020-11-19,13907.0,764989,739532.0,11550.0,11333206.0,0.0,-563.0,1707.0,2251.0,19.0,67115.0,0.0,-4488.0,12468.0,16846.0,110.0,469285.0,0.0
2020-11-20,13404.0,766677,741705.0,11568.0,11401239.0,0.0,-503.0,1688.0,2173.0,18.0,68033.0,0.0,-4344.0,12217.0,16447.0,114.0,463832.0,0.0
2020-11-21,12916.0,768340,743838.0,11586.0,11470429.0,0.0,-488.0,1663.0,2133.0,18.0,69190.0,0.0,-4238.0,11968.0,16086.0,120.0,462597.0,0.0
2020-11-22,12542.0,769995,745848.0,11605.0,11541238.0,0.0,-374.0,1655.0,2010.0,19.0,70809.0,0.0,-3899.0,11804.0,15576.0,127.0,468353.0,0.0
2020-11-23,12245.0,771619,747752.0,11622.0,11606250.0,0.0,-297.0,1624.0,1904.0,17.0,65012.0,0.0,-3520.0,11703.0,15096.0,127.0,469588.0,0.0
2020-11-24,11875.0,773176,749662.0,11639.0,11673521.0,0.0,-370.0,1557.0,1910.0,17.0,67271.0,0.0,-3210.0,11608.0,14692.0,126.0,474444.0,0.0
2020-11-25,11520.0,774710,751535.0,11655.0,11741603.0,0.0,-355.0,1534.0,1873.0,16.0,68082.0,0.0,-2950.0,11428.0,14254.0,124.0,475512.0,0.0
2020-11-26,11173.0,776174,753332.0,11669.0,11802567.0,0.0,-347.0,1464.0,1797.0,14.0,60964.0,0.0,-2734.0,11185.0,13800.0,119.0,469361.0,0.0
2020-11-27,11109.0,777616,754826.0,11681.0,11864177.0,0.0,-64.0,1442.0,1494.0,12.0,61610.0,0.0,-2295.0,10939.0,13121.0,113.0,462938.0,0.0
2020-11-28,11073.0,779046,756279.0,11694.0,11930240.0,0.0,-36.0,1430.0,1453.0,13.0,66063.0,0.0,-1843.0,10706.0,12441.0,108.0,459811.0,0.0
2020-11-29,11052.0,780505,757750.0,11703.0,11997385.0,0.0,-21.0,1459.0,1471.0,9.0,67145.0,0.0,-1490.0,10510.0,11902.0,98.0,456147.0,0.0
2020-11-30,10997.0,781915,759206.0,11712.0,12060001.0,0.0,-55.0,1410.0,1456.0,9.0,62616.0,0.0,-1248.0,10296.0,11454.0,90.0,453751.0,0.0
2020-12-01,10980.0,783319,760617.0,11722.0,12125059.0,0.0,-17.0,1404.0,1411.0,10.0,65058.0,0.0,-895.0,10143.0,10955.0,83.0,451538.0,0.0
2020-12-02,10999.0,784747,762015.0,11733.0,12193913.0,0.0,19.0,1428.0,1398.0,11.0,68854.0,0.0,-521.0,10037.0,10480.0,78.0,452310.0,0.0
2020-12-03,10988.0,786163,763428.0,11747.0,12264069.0,0.0,-11.0,1416.0,1413.0,14.0,70156.0,0.0,-185.0,9989.0,10096.0,78.0,461502.0,0.0
2020-12-04,10938.0,787554,764854.0,11762.0,12334447.0,0.0,-50.0,1391.0,1426.0,15.0,70378.0,0.0,-171.0,9938.0,10028.0,81.0,470270.0,0.0
2020-12-05,10882.0,788920,766261.0,11777.0,12405328.0,0.0,-56.0,1366.0,1407.0,15.0,70881.0,0.0,-191.0,9874.0,9982.0,83.0,475088.0,0.0
2020-12-06,10788.0,790240,767659.0,11793.0,12476093.0,0.0,-94.0,1320.0,1398.0,16.0,70765.0,0.0,-264.0,9735.0,9909.0,90.0,478708.0,0.0
2020-12-07,10695.0,791552,769048.0,11809.0,12540103.0,0.0,-93.0,1312.0,1389.0,16.0,64010.0,0.0,-302.0,9637.0,9842.0,97.0,480102.0,0.0
2020-12-08,10588.0,792788,770378.0,11822.0,12605289.0,0.0,-107.0,1236.0,1330.0,13.0,65186.0,0.0,-392.0,9469.0,9761.0,100.0,480230.0,0.0
2020-12-09,10491.0,794020,771693.0,11836.0,12675551.0,0.0,-97.0,1232.0,1315.0,14.0,70262.0,0.0,-508.0,9273.0,9678.0,103.0,481638.0,0.0
2020-12-10,10392.0,795240,772995.0,11853.0,12744479.0,0.0,-99.0,1220.0,1302.0,17.0,68928.0,0.0,-596.0,9077.0,9567.0,106.0,480410.0,0.0
2020-12-11,10299.0,796475,774306.0,11870.0,12814915.0,0.0,-93.0,1235.0,1311.0,17.0,70436.0,0.0,-639.0,8921.0,9452.0,108.0,480468.0,0.0
2020-12-12,10208.0,797693,775602.0,11883.0,12887037.0,0.0,-91.0,1218.0,1296.0,13.0,72122.0,0.0,-674.0,8773.0,9341.0,106.0,481709.0,0.0
2020-12-13,10115.0,798888,776878.0,11895.0,12956605.0,0.0,-93.0,1195.0,1276.0,12.0,69568.0,0.0,-673.0,8648.0,9219.0,102.0,480512.0,0.0
2020-12-14,10039.0,800029,778081.0,11909.0,13020594.0,0.0,-76.0,1141.0,1203.0,14.0,63989.0,0.0,-656.0,8477.0,9033.0,100.0,480491.0,0.0
2020-12-15,9951.0,801161,779291.0,11919.0,13086807.0,0.0,-88.0,1132.0,1210.0,10.0,66213.0,0.0,-637.0,8373.0,8913.0,97.0,481518.0,0.0
2020-12-16,9880.0,802342,780531.0,11931.0,13159822.0,0.0,-71.0,1181.0,1240.0,12.0,73015.0,0.0,-611.0,8322.0,8838.0,95.0,484271.0,0.0
2020-12-17,9829.0,803516,781745.0,11942.0,13235354.0,0.0,-51.0,1174.0,1214.0,11.0,75532.0,0.0,-563.0,8276.0,8750.0,89.0,490875.0,0.0
2020-12-18,9781.0,804650,782915.0,11954.0,13310701.0,0.0,-48.0,1134.0,1170.0,12.0,75347.0,0.0,-518.0,8175.0,8609.0,84.0,495786.0,0.0
2020-12-19,9692.0,805777,784117.0,11968.0,13387049.0,0.0,-89.0,1127.0,1202.0,14.0,76348.0,0.0,-516.0,8084.0,8515.0,85.0,500012.0,0.0
2020-12-20,9593.0,806891,785315.0,11983.0,13460016.0,0.0,-99.0,1114.0,1198.0,15.0,72967.0,0.0,-522.0,8003.0,8437.0,88.0,503411.0,0.0
2020-12-21,9495.0,807962,786472.0,11995.0,13523032.0,0.0,-98.0,1071.0,1157.0,12.0,63016.0,0.0,-544.0,7933.0,8391.0,86.0,502438.0,0.0
2020-12-22,9391.0,809014,787611.0,12012.0,13588389.0,0.0,-104.0,1052.0,1139.0,17.0,65357.0,0.0,-560.0,7853.0,8320.0,93.0,501582.0,0.0
2020-12-23,9314.0,810080,788742.0,12024.0,13659300.0,0.0,-77.0,1066.0,1131.0,12.0,70911.0,0.0,-566.0,7738.0,8211.0,93.0,499478.0,0.0
2020-12-24,9217.0,811115,789862.0,12036.0,13730293.0,0.0,-97.0,1035.0,1120.0,12.0,70993.0,0.0,-612.0,7599.0,8117.0,94.0,494939.0,0.0
2020-12-25,9129.0,812142,790965.0,12048.0,13795803.0,0.0,-88.0,1027.0,1103.0,12.0,65510.0,0.0,-652.0,7492.0,8050.0,94.0,485102.0,0.0
2020-12-26,9039.0,813161,792063.0,12059.0,13860244.0,0.0,-90.0,1019.0,1098.0,11.0,64441.0,0.0,-653.0,7384.0,7946.0,91.0,473195.0,0.0
2020-12-27,8947.0,814170,793154.0,12069.0,13924527.0,0.0,-92.0,1009.0,1091.0,10.0,64283.0,0.0,-646.0,7279.0,7839.0,86.0,464511.0,0.0
2020-12-28,8867.0,815175,794228.0,12080.0,13987769.0,0.0,-80.0,1005.0,1074.0,11.0,63242.0,0.0,-628.0,7213.0,7756.0,85.0,464737.0,0.0
2020-12-29,8747.0,816132,795293.0,12092.0,14052537.0,0.0,-120.0,957.0,1065.0,12.0,64768.0,0.0,-644.0,7118.0,7682.0,80.0,464148.0,0.0
2020-12-30,8615.0,817077,796353.0,12109.0,14122733.0,0.0,-132.0,945.0,1060.0,17.0,70196.0,0.0,-699.0,6997.0,7611.0,85.0,463433.0,0.0
2020-12-31,8501.0,818014,797391.0,12122.0,14191494.0,0.0,-114.0,937.0,1038.0,13.0,68761.0,0.0,-716.0,6899.0,7529.0,86.0,461201.0,0.0
2021-01-01,8380.0,818935,798420.0,12135.0,14258645.0,0.0,-121.0,921.0,1029.0,13.0,67151.0,0.0,-749.0,6793.0,7455.0,87.0,462842.0,0.0
2021-01-02,8272.0,819845,799427.0,12146.0,14321046.0,0.0,-108.0,910.0,1007.0,11.0,62401.0,0.0,-767.0,6684.0,7364.0,87.0,460802.0,0.0
2021-01-03,8127.0,820712,800429.0,12156.0,14382123.0,0.0,-145.0,867.0,1002.0,10.0,61077.0,0.0,-820.0,6542.0,7275.0,87.0,457596.0,0.0
2021-01-04,7970.0,821550,801414.0,12166.0,14442625.0,0.0,-157.0,838.0,985.0,10.0,60502.0,0.0,-897.0,6375.0,7186.0,86.0,454856.0,0.0
2021-01-05,7808.0,822370,802385.0,12177.0,14502929.0,0.0,-162.0,820.0,971.0,11.0,60304.0,0.0,-939.0,6238.0,7092.0,85.0,450392.0,0.0
2021-01-06,7665.0,823181,803328.0,12188.0,14566511.0,0.0,-143.0,811.0,943.0,11.0,63582.0,0.0,-950.0,6104.0,6975.0,79.0,443778.0,0.0
2021-01-07,7547.0,823986,804239.0,12200.0,14630875.0,0.0,-118.0,805.0,911.0,12.0,64364.0,0.0,-954.0,5972.0,6848.0,78.0,439381.0,0.0
2021-01-08,7432.0,824776,805136.0,12208.0,14695106.0,0.0,-115.0,790.0,897.0,8.0,64231.0,0.0,-948.0,5841.0,6716.0,73.0,436461.0,0.0
2021-01-09,7304.0,825537,806018.0,12215.0,14760619.0,0.0,-128.0,761.0,882.0,7.0,65513.0,0.0,-968.0,5692.0,6591.0,69.0,439573.0,0.0
2021-01-10,7164.0,826261,806875.0,12222.0,14824699.0,0.0,-140.0,724.0,857.0,7.0,64080.0,0.0,-963.0,5549.0,6446.0,66.0,442576.0,0.0
2021-01-11,6971.0,826943,807744.0,12228.0,14885013.0,0.0,-193.0,682.0,869.0,6.0,60314.0,0.0,-999.0,5393.0,6330.0,62.0,442388.0,0.0
2021-01-12,6807.0,827614,808571.0,12236.0,14945576.0,0.0,-164.0,671.0,827.0,8.0,60563.0,0.0,-1001.0,5244.0,6186.0,59.0,442647.0,0.0
2021-01-13,6653.0,828287,809392.0,12242.0,15008259.0,0.0,-154.0,673.0,821.0,6.0,62683.0,0.0,-1012.0,5106.0,6064.0,54.0,441748.0,0.0
2021-01-14,6488.0,828952,810218.0,12246.0,15068940.0,0.0,-165.0,665.0,826.0,4.0,60681.0,0.0,-1059.0,4966.0,5979.0,46.0,438065.0,0.0
2021-01-15,6299.0,829573,811023.0,12251.0,15124787.0,0.0,-189.0,621.0,805.0,5.0,55847.0,0.0,-1133.0,4797.0,5887.0,43.0,429681.0,0.0
2021-01-16,6128.0,830183,811798.0,12257.0,15177094.0,2945.0,-171.0,610.0,775.0,6.0,52307.0,2945.0,-1176.0,4646.0,5780.0,42.0,416475.0,2945.0
2021-01-17,5940.0,830772,812568.0,12264.0,15229307.0,2945.0,-188.0,589.0,770.0,7.0,52213.0,0.0,-1224.0,4511.0,5693.0,42.0,404608.0,2945.0
2021-01-18,5725.0,831323,813326.0,12272.0,15279808.0,16462.0,-215.0,551.0,758.0,8.0,50501.0,13517.0,-1246.0,4380.0,5582.0,44.0,394795.0,16462.0
2021-01-19,5487.0,831866,814098.0,12281.0,15331269.0,25251.0,-238.0,543.0,772.0,9.0,51461.0,8789.0,-1320.0,4252.0,5527.0,45.0,385693.0,25251.0
2021-01-20,5314.0,832415,814811.0,12290.0,15391518.0,33670.0,-173.0,549.0,713.0,9.0,60249.0,8419.0,-1339.0,4128.0,5419.0,48.0,383259.0,33670.0
2021-01-21,5196.0,833011,815516.0,12299.0,15452541.0,42947.0,-118.0,596.0,705.0,9.0,61023.0,9277.0,-1292.0,4059.0,5298.0,53.0,383601.0,42947.0
2021-01-22,5073.0,833585,816205.0,12307.0,15514693.0,51651.0,-123.0,574.0,689.0,8.0,62152.0,8704.0,-1226.0,4012.0,5182.0,56.0,389906.0,51651.0
2021-01-23,4984.0,834171,816878.0,12309.0,15577766.0,59226.0,-89.0,586.0,673.0,2.0,63073.0,7575.0,-1144.0,3988.0,5080.0,52.0,400672.0,56281.0
2021-01-24,4904.0,834740,817520.0,12316.0,15640385.0,61720.0,-80.0,569.0,642.0,7.0,62619.0,2494.0,-1036.0,3968.0,4952.0,52.0,411078.0,58775.0
2021-01-25,4813.0,835280,818147.0,12320.0,15696304.0,69027.0,-91.0,540.0,627.0,4.0,55919.0,7307.0,-912.0,3957.0,4821.0,48.0,416496.0,52565.0
2021-01-26,4736.0,835803,818742.0,12325.0,15752119.0,73953.0,-77.0,523.0,595.0,5.0,55815.0,4926.0,-751.0,3937.0,4644.0,44.0,420850.0,48702.0
2021-01-27,4676.0,836315,819306.0,12333.0,15808217.0,82039.0,-60.0,512.0,564.0,8.0,56098.0,8086.0,-638.0,3900.0,4495.0,43.0,416699.0,48369.0
2021-01-28,4629.0,836818,819850.0,12339.0,15860674.0,88467.0,-47.0,503.0,544.0,6.0,52457.0,6428.0,-567.0,3807.0,4334.0,40.0,408133.0,45520.0
2021-01-29,4601.0,837327,820381.0,12345.0,15913194.0,97126.0,-28.0,509.0,531.0,6.0,52520.0,8659.0,-472.0,3742.0,4176.0,38.0,398501.0,45475.0
2021-01-30,4575.0,837832,820907.0,12350.0,15965919.0,105821.0,-26.0,505.0,526.0,5.0,52725.0,8695.0,-409.0,3661.0,4029.0,41.0,388153.0,46595.0
2021-01-31,4554.0,838340,821430.0,12356.0,16019962.0,105821.0,-21.0,508.0,523.0,6.0,54043.0,0.0,-350.0,3600.0,3910.0,40.0,379577.0,44101.0
2021-02-01,4532.0,838842,821947.0,12363.0,16071626.0,112687.0,-22.0,502.0,517.0,7.0,51664.0,6866.0,-281.0,3562.0,3800.0,43.0,375322.0,43660.0
2021-02-02,4517.0,839352,822468.0,12367.0,16123270.0,120745.0,-15.0,510.0,521.0,4.0,51644.0,8058.0,-219.0,3549.0,3726.0,42.0,371151.0,46792.0
2021-02-03,4494.0,839866,823001.0,12371.0,16176919.0,133434.0,-23.0,514.0,533.0,4.0,53649.0,12689.0,-182.0,3551.0,3695.0,38.0,368702.0,51395.0
2021-02-04,4467.0,840360,823518.0,12375.0,16228801.0,145928.0,-27.0,494.0,517.0,4.0,51882.0,12494.0,-162.0,3542.0,3668.0,36.0,368127.0,57461.0
2021-02-05,4446.0,840849,824024.0,12379.0,16281457.0,157324.0,-21.0,489.0,506.0,4.0,52656.0,11396.0,-155.0,3522.0,3643.0,34.0,368263.0,60198.0
2021-02-06,4417.0,841326,824527.0,12382.0,16334713.0,166408.0,-29.0,477.0,503.0,3.0,53256.0,9084.0,-158.0,3494.0,3620.0,32.0,368794.0,60587.0
2021-02-07,4389.0,841797,825025.0,12383.0,16388243.0,166408.0,-28.0,471.0,498.0,1.0,53530.0,0.0,-165.0,3457.0,3595.0,27.0,368281.0,60587.0
2021-02-08,4354.0,842261,825520.0,12387.0,16439856.0,175027.0,-35.0,464.0,495.0,4.0,51613.0,8619.0,-178.0,3419.0,3573.0,24.0,368230.0,62340.0
2021-02-09,4328.0,842730,826011.0,12391.0,16491030.0,185577.0,-26.0,469.0,491.0,4.0,51174.0,10550.0,-189.0,3378.0,3543.0,24.0,367760.0,64832.0
2021-02-10,4309.0,843209,826504.0,12396.0,16544106.0,197392.0,-19.0,479.0,493.0,5.0,53076.0,11815.0,-185.0,3343.0,3503.0,25.0,367187.0,63958.0
2021-02-11,4294.0,843690,826994.0,12402.0,16599861.0,211762.0,-15.0,481.0,490.0,6.0,55755.0,14370.0,-173.0,3330.0,3476.0,27.0,371060.0,65834.0
2021-02-12,4285.0,844173,827480.0,12408.0,16655151.0,227542.0,-9.0,483.0,486.0,6.0,55290.0,15780.0,-161.0,3324.0,3456.0,29.0,373694.0,70218.0
2021-02-13,4275.0,844650,827962.0,12413.0,16709185.0,247574.0,-10.0,477.0,482.0,5.0,54034.0,20032.0,-142.0,3324.0,3435.0,31.0,374472.0,81166.0
2021-02-14,4260.0,845120,828441.0,12419.0,16762668.0,247574.0,-15.0,470.0,479.0,6.0,53483.0,0.0,-129.0,3323.0,3416.0,36.0,374425.0,81166.0
2021-02-15,4232.0,845575,828918.0,12425.0,16813020.0,269219.0,-28.0,455.0,477.0,6.0,50352.0,21645.0,-122.0,3314.0,3398.0,38.0,373164.0,94192.0
2021-02-16,4206.0,846026,829388.0,12432.0,16863820.0,290248.0,-26.0,451.0,470.0,7.0,50800.0,21029.0,-122.0,3296.0,3377.0,41.0,372790.0,104671.0
2021-02-17,4192.0,846480,829850.0,12438.0,16916170.0,309377.0,-14.0,454.0,462.0,6.0,52350.0,19129.0,-117.0,3271.0,3346.0,42.0,372064.0,111985.0
2021-02-18,4173.0,846937,830320.0,12444.0,16967271.0,329817.0,-19.0,457.0,470.0,6.0,51101.0,20440.0,-121.0,3247.0,3326.0,42.0,367410.0,118055.0
2021-02-19,4147.0,847385,830787.0,12451.0,17019551.0,350283.0,-26.0,448.0,467.0,7.0,52280.0,20466.0,-138.0,3212.0,3307.0,43.0,364400.0,122741.0
2021-02-20,4120.0,847823,831246.0,12457.0,17070597.0,370846.0,-27.0,438.0,459.0,6.0,51046.0,20563.0,-155.0,3173.0,3284.0,44.0,361412.0,123272.0
2021-02-21,4109.0,848275,831706.0,12460.0,17120745.0,370846.0,-11.0,452.0,460.0,3.0,50148.0,0.0,-151.0,3155.0,3265.0,41.0,358077.0,123272.0
2021-02-22,4091.0,848724,832167.0,12466.0,17170947.0,385600.0,-18.0,449.0,461.0,6.0,50202.0,14754.0,-141.0,3149.0,3249.0,41.0,357927.0,116381.0
2021-02-23,4074.0,849166,832620.0,12472.0,17222248.0,400400.0,-17.0,442.0,453.0,6.0,51301.0,14800.0,-132.0,3140.0,3232.0,40.0,358428.0,110152.0
2021-02-24,4062.0,849629,833089.0,12478.0,17272643.0,414827.0,-12.0,463.0,469.0,6.0,50395.0,14427.0,-130.0,3149.0,3239.0,40.0,356473.0,105450.0
2021-02-25,4053.0,850096,833560.0,12483.0,17323383.0,429255.0,-9.0,467.0,471.0,5.0,50740.0,14428.0,-120.0,3159.0,3240.0,39.0,356112.0,99438.0
2021-02-26,4046.0,850577,834043.0,12488.0,17376129.0,445328.0,-7.0,481.0,483.0,5.0,52746.0,16073.0,-101.0,3192.0,3256.0,37.0,356578.0,95045.0
2021-02-27,4036.0,851063,834534.0,12493.0,17428757.0,445328.0,-10.0,486.0,491.0,5.0,52628.0,0.0,-84.0,3240.0,3288.0,36.0,358160.0,74482.0
2021-02-28,4022.0,851542,835024.0,12496.0,17479572.0,445328.0,-14.0,479.0,490.0,3.0,50815.0,0.0,-87.0,3267.0,3318.0,36.0,358827.0,74482.0
2021-03-01,4009.0,852016,835506.0,12501.0,17529663.0,480411.0,-13.0,474.0,482.0,5.0,50091.0,35083.0,-82.0,3292.0,3339.0,35.0,358716.0,94811.0
2021-03-02,3997.0,852478,835979.0,12502.0,17579872.0,522054.0,-12.0,462.0,473.0,1.0,50209.0,41643.0,-77.0,3312.0,3359.0,30.0,357624.0,121654.0
2021-03-03,3990.0,852967,836473.0,12504.0,17630655.0,588391.0,-7.0,489.0,494.0,2.0,50783.0,66337.0,-72.0,3338.0,3384.0,26.0,358012.0,173564.0
2021-03-04,3978.0,853449,836963.0,12508.0,17681361.0,669417.0,-12.0,482.0,490.0,4.0,50706.0,81026.0,-75.0,3353.0,3403.0,25.0,357978.0,240162.0
2021-03-05,3954.0,853992,837525.0,12513.0,17736224.0,761625.0,-24.0,543.0,562.0,5.0,54863.0,92208.0,-92.0,3415.0,3482.0,25.0,360095.0,316297.0
2021-03-06,3952.0,854554,838085.0,12517.0,17791275.0,847097.0,-2.0,562.0,560.0,4.0,55051.0,85472.0,-84.0,3491.0,3551.0,24.0,362518.0,401769.0
2021-03-07,3997.0,855121,838606.0,12518.0,17846391.0,847097.0,45.0,567.0,521.0,1.0,55116.0,0.0,-25.0,3579.0,3582.0,22.0,366819.0,401769.0
2021-03-08,4018.0,855677,839138.0,12521.0,17900716.0,957348.0,21.0,556.0,532.0,3.0,54325.0,110251.0,9.0,3661.0,3632.0,20.0,371053.0,476937.0
2021-03-09,4073.0,856246,839648.0,12525.0,17955850.0,1037824.0,55.0,569.0,510.0,4.0,55134.0,80476.0,76.0,3768.0,3669.0,23.0,375978.0,515770.0
2021-03-10,4207.0,856917,840180.0,12530.0,18020932.0,1124724.0,134.0,671.0,532.0,5.0,65082.0,86900.0,217.0,3950.0,3707.0,26.0,390277.0,536333.0
2021-03-11,4344.0,857602,840723.0,12535.0,18086877.0,1205185.0,137.0,685.0,543.0,5.0,65945.0,80461.0,366.0,4153.0,3760.0,27.0,405516.0,535768.0
2021-03-12,4483.0,858272,841250.0,12539.0,18151986.0,1298251.0,139.0,670.0,527.0,4.0,65109.0,93066.0,529.0,4280.0,3725.0,26.0,415762.0,536626.0
2021-03-13,4662.0,858967,841762.0,12543.0,18217281.0,1384184.0,179.0,695.0,512.0,4.0,65295.0,85933.0,710.0,4413.0,3677.0,26.0,426006.0,537087.0
2021-03-14,4870.0,859726,842309.0,12547.0,18284550.0,1384184.0,208.0,759.0,547.0,4.0,67269.0,0.0,873.0,4605.0,3703.0,29.0,438159.0,537087.0
2021-03-15,5149.0,860562,842862.0,12551.0,18349379.0,1499745.0,279.0,836.0,553.0,4.0,64829.0,115561.0,1131.0,4885.0,3724.0,30.0,448663.0,542397.0
2021-03-16,5450.0,861429,843423.0,12556.0,18413572.0,1606931.0,301.0,867.0,561.0,5.0,64193.0,107186.0,1377.0,5183.0,3775.0,31.0,457722.0,569107.0
2021-03-17,5811.0,862374,843999.0,12564.0,18485460.0,1718313.0,361.0,945.0,576.0,8.0,71888.0,111382.0,1604.0,5457.0,3819.0,34.0,464528.0,593589.0
2021-03-18,6222.0,863363,844568.0,12573.0,18557485.0,1840069.0,411.0,989.0,569.0,9.0,72025.0,121756.0,1878.0,5761.0,3845.0,38.0,470608.0,634884.0
2021-03-19,6690.0,864450,845178.0,12582.0,18630686.0,1964650.0,468.0,1087.0,610.0,9.0,73201.0,124581.0,2207.0,6178.0,3928.0,43.0,478700.0,666399.0
2021-03-20,7291.0,865693,845812.0,12590.0,18705851.0,2086121.0,601.0,1243.0,634.0,8.0,75165.0,121471.0,2629.0,6726.0,4050.0,47.0,488570.0,701937.0
2021-03-21,7903.0,866982,846480.0,12599.0,18781109.0,2086121.0,612.0,1289.0,668.0,9.0,75258.0,0.0,3033.0,7256.0,4171.0,52.0,496559.0,701937.0
2021-03-22,8619.0,868367,847139.0,12609.0,18854356.0,2238755.0,716.0,1385.0,659.0,10.0,73247.0,152634.0,3470.0,7805.0,4277.0,58.0,504977.0,739010.0
2021-03-23,9145.0,869804,848041.0,12618.0,18930484.0,2343912.0,526.0,1437.0,902.0,9.0,76128.0,105157.0,3695.0,8375.0,4618.0,62.0,516912.0,736981.0
2021-03-24,9746.0,871440,849064.0,12630.0,19011118.0,2438253.0,601.0,1636.0,1023.0,12.0,80634.0,94341.0,3935.0,9066.0,5065.0,66.0,525658.0,719940.0
2021-03-25,10487.0,873219,850091.0,12641.0,19092221.0,2537202.0,741.0,1779.0,1027.0,11.0,81103.0,98949.0,4265.0,9856.0,5523.0,68.0,534736.0,697133.0
2021-03-26,11318.0,875190,851222.0,12650.0,19177274.0,2645814.0,831.0,1971.0,1131.0,9.0,85053.0,108612.0,4628.0,10740.0,6044.0,68.0,546588.0,681164.0
2021-03-27,12157.0,877279,852463.0,12659.0,19262447.0,2751628.0,839.0,2089.0,1241.0,9.0,85173.0,105814.0,4866.0,11586.0,6651.0,69.0,556596.0,665507.0
2021-03-28,13070.0,879473,853733.0,12670.0,19347797.0,2751628.0,913.0,2194.0,1270.0,11.0,85350.0,0.0,5167.0,12491.0,7253.0,71.0,566688.0,665507.0
2021-03-29,13983.0,881752,855085.0,12684.0,19428501.0,2871513.0,913.0,2279.0,1352.0,14.0,80704.0,119885.0,5364.0,13385.0,7946.0,75.0,574145.0,632758.0
2021-03-30,14846.0,884094,856548.0,12700.0,19511655.0,2952311.0,863.0,2342.0,1463.0,16.0,83154.0,80798.0,5701.0,14290.0,8507.0,82.0,581171.0,608399.0
2021-03-31,15879.0,886673,858075.0,12719.0,19595368.0,3031631.0,1033.0,2579.0,1527.0,19.0,83713.0,79320.0,6133.0,15233.0,9011.0,89.0,584250.0,593378.0
2021-04-01,17043.0,889490,859709.0,12738.0,19681244.0,3114623.0,1164.0,2817.0,1634.0,19.0,85876.0,82992.0,6556.0,16271.0,9618.0,97.0,589023.0,577421.0
2021-04-02,18606.0,892780,861424.0,12750.0,19767310.0,3101478.0,1563.0,3290.0,1715.0,12.0,86066.0,-13145.0,7288.0,17590.0,10202.0,100.0,590036.0,455664.0
2021-04-03,20204.0,896226,863258.0,12764.0,19849388.0,3151678.0,1598.0,3446.0,1834.0,14.0,82078.0,50200.0,8047.0,18947.0,10795.0,105.0,586941.0,400050.0
2021-04-04,21958.0,899807,865071.0,12778.0,19932179.0,3186597.0,1754.0,3581.0,1813.0,14.0,82791.0,34919.0,8888.0,20334.0,11338.0,108.0,584382.0,434969.0
2021-04-05,23777.0,903479,866913.0,12789.0,20012235.0,3205778.0,1819.0,3672.0,1842.0,11.0,80056.0,19181.0,9794.0,21727.0,11828.0,105.0,583734.0,334265.0
2021-04-06,25598.0,907124,868722.0,12804.0,20093091.0,3239421.0,1821.0,3645.0,1809.0,15.0,80856.0,33643.0,10752.0,23030.0,12174.0,104.0,581436.0,287110.0
2021-04-07,27743.0,911110,870546.0,12821.0,20173626.0,3292109.0,2145.0,3986.0,1824.0,17.0,80535.0,52688.0,11864.0,24437.0,12471.0,102.0,578258.0,260478.0
2021-04-08,30131.0,915386,872415.0,12840.0,20258907.0,3402198.0,2388.0,4276.0,1869.0,19.0,85281.0,110089.0,13088.0,25896.0,12706.0,102.0,577663.0,287575.0
2021-04-09,33659.0,920827,874305.0,12863.0,20347042.0,3533869.0,3528.0,5441.0,1890.0,23.0,88135.0,131671.0,15053.0,28047.0,12881.0,113.0,579732.0,432391.0
2021-04-10,37673.0,926816,876257.0,12886.0,20431588.0,3666549.0,4014.0,5989.0,1952.0,23.0,84546.0,132680.0,17469.0,30590.0,12999.0,122.0,582200.0,514871.0
2021-04-11,41955.0,933434,878571.0,12908.0,20520126.0,3715293.0,4282.0,6618.0,2314.0,22.0,88538.0,48744.0,19997.0,33627.0,13500.0,130.0,587947.0,528696.0
2021-04-12,46308.0,940145,880910.0,12927.0,20603108.0,3881778.0,4353.0,6711.0,2339.0,19.0,82982.0,166485.0,22531.0,36666.0,13997.0,138.0,590873.0,676000.0
2021-04-13,49985.0,947129,884199.0,12945.0,20686440.0,4021060.0,3677.0,6984.0,3289.0,18.0,83332.0,139282.0,24387.0,40005.0,15477.0,141.0,593349.0,781639.0
2021-04-14,54315.0,954948,887663.0,12970.0,20784108.0,4110452.0,4330.0,7819.0,3464.0,25.0,97668.0,89392.0,26572.0,43838.0,17117.0,149.0,610482.0,818343.0
2021-04-15,58097.0,962935,891839.0,12999.0,20879495.0,4323754.0,3782.0,7987.0,4176.0,29.0,95387.0,213302.0,27966.0,47549.0,19424.0,159.0,620588.0,921556.0
2021-04-16,61593.0,971384,896759.0,13032.0,20976696.0,4532483.0,3496.0,8449.0,4920.0,33.0,97201.0,208729.0,27934.0,50557.0,22454.0,169.0,629654.0,998614.0
2021-04-17,65635.0,980728,902022.0,13071.0,21077500.0,4670781.0,4042.0,9344.0,5263.0,39.0,100804.0,138298.0,27962.0,53912.0,25765.0,185.0,645912.0,1004232.0
2021-04-18,70391.0,991451,907947.0,13113.0,21187630.0,4711901.0,4756.0,10723.0,5925.0,42.0,110130.0,41120.0,28436.0,58017.0,29376.0,205.0,667504.0,996608.0
2021-04-19,75116.0,1002392,914119.0,13157.0,21299220.0,4814662.0,4725.0,10941.0,6172.0,44.0,111590.0,102761.0,28808.0,62247.0,33209.0,230.0,696112.0,932884.0
2021-04-20,79804.0,1013378,920369.0,13205.0,21400549.0,4892488.0,4688.0,10986.0,6250.0,48.0,101329.0,77826.0,29819.0,66249.0,36170.0,260.0,714109.0,871428.0
2021-04-21,84361.0,1025059,927440.0,13258.0,21513210.0,4965949.0,4557.0,11681.0,7071.0,53.0,112661.0,73461.0,30046.0,70111.0,39777.0,288.0,729102.0,855497.0
2021-04-22,89428.0,1037711,934966.0,13317.0,21628863.0,5076978.0,5067.0,12652.0,7526.0,59.0,115653.0,111029.0,31331.0,74776.0,43127.0,318.0,749368.0,753224.0
2021-04-23,95048.0,1051487,943044.0,13395.0,21754456.0,5206836.0,5620.0,13776.0,8078.0,78.0,125593.0,129858.0,33455.0,80103.0,46285.0,363.0,777760.0,674353.0
2021-04-24,100668.0,1066329,952186.0,13475.0,21880174.0,5328811.0,5620.0,14842.0,9142.0,80.0,125718.0,121975.0,35033.0,85601.0,50164.0,404.0,802674.0,658030.0
2021-04-25,105180.0,1081988,963251.0,13557.0,22006472.0,5351384.0,4512.0,15659.0,11065.0,82.0,126298.0,22573.0,34789.0,90537.0,55304.0,444.0,818842.0,639483.0
2021-04-26,107145.0,1097672,976876.0,13651.0,22126656.0,5484633.0,1965.0,15684.0,13625.0,94.0,120184.0,133249.0,32029.0,95280.0,62757.0,494.0,827436.0,669971.0
2021-04-27,108855.0,1113502,990919.0,13728.0,22248205.0,5626091.0,1710.0,15830.0,14043.0,77.0,121549.0,141458.0,29051.0,100124.0,70550.0,523.0,847656.0,733603.0
2021-04-28,110308.0,1130167,1006033.0,13826.0,22378247.0,5741587.0,1453.0,16665.0,15114.0,98.0,130042.0,115496.0,25947.0,105108.0,78593.0,568.0,865037.0,775638.0
2021-04-29,112556.0,1148064,1021575.0,13933.0,22518836.0,5845888.0,2248.0,17897.0,15542.0,107.0,140589.0,104301.0,23128.0,110353.0,86609.0,616.0,889973.0,768910.0
2021-04-30,115128.0,1166756,1037582.0,14046.0,22662407.0,5947800.0,2572.0,18692.0,16007.0,113.0,143571.0,101912.0,20080.0,115269.0,94538.0,651.0,907951.0,740964.0
2021-05-01,117405.0,1186344,1054746.0,14193.0,22813859.0,6045628.0,2277.0,19588.0,17164.0,147.0,151452.0,97828.0,16737.0,120015.0,102560.0,718.0,933685.0,716817.0
2021-05-02,120444.0,1207112,1072322.0,14346.0,22956942.0,6046284.0,3039.0,20768.0,17576.0,153.0,143083.0,656.0,15264.0,125124.0,109071.0,789.0,950470.0,694900.0
2021-05-03,123258.0,1228064,1090338.0,14468.0,23097963.0,6123161.0,2814.0,20952.0,18016.0,122.0,141021.0,76877.0,16113.0,130392.0,113462.0,817.0,971307.0,638528.0
2021-05-04,125230.0,1249292,1109450.0,14612.0,23238475.0,6188845.0,1972.0,21228.0,19112.0,144.0,140512.0,65684.0,16375.0,135790.0,118531.0,884.0,990270.0,562754.0
2021-05-05,128311.0,1272602,1129512.0,14779.0,23393857.0,6249242.0,3081.0,23310.0,20062.0,167.0,155382.0,60397.0,18003.0,142435.0,123479.0,953.0,1015610.0,507655.0
2021-05-06,131468.0,1297500,1151058.0,14974.0,23545987.0,6336452.0,3157.0,24898.0,21546.0,195.0,152130.0,87210.0,18912.0,149436.0,129483.0,1041.0,1027151.0,490564.0
2021-05-07,135355.0,1323965,1173439.0,15171.0,23698799.0,6422679.0,3887.0,26465.0,22381.0,197.0,152812.0,86227.0,20227.0,157209.0,135857.0,1125.0,1036392.0,474879.0
2021-05-08,139401.0,1351362,1196549.0,15412.0,23854797.0,6480287.0,4046.0,27397.0,23110.0,241.0,155998.0,57608.0,21996.0,165018.0,141803.0,1219.0,1040938.0,434659.0
2021-05-09,144547.0,1380259,1220064.0,15648.0,24008587.0,6499349.0,5146.0,28897.0,23515.0,236.0,153790.0,19062.0,24103.0,173147.0,147742.0,1302.0,1051645.0,453065.0
2021-05-10,152389.0,1409237,1240968.0,15880.0,24154820.0,6587081.0,7842.0,28978.0,20904.0,232.0,146233.0,87732.0,29131.0,181173.0,150630.0,1412.0,1056857.0,463920.0
2021-05-11,162181.0,1438509,1260150.0,16178.0,24310931.0,6661775.0,9792.0,29272.0,19182.0,298.0,156111.0,74694.0,36951.0,189217.0,150700.0,1566.0,1072456.0,472930.0
2021-05-12,172735.0,1468864,1279658.0,16471.0,24467287.0,6738923.0,10554.0,30355.0,19508.0,293.0,156356.0,77148.0,44424.0,196262.0,150146.0,1692.0,1073430.0,489681.0
2021-05-13,183772.0,1499485,1298945.0,16768.0,24625416.0,6822834.0,11037.0,30621.0,19287.0,297.0,158129.0,83911.0,52304.0,201985.0,147887.0,1794.0,1079429.0,486382.0
2021-05-14,195339.0,1531377,1318982.0,17056.0,24785458.0,6873590.0,11567.0,31892.0,20037.0,288.0,160042.0,50756.0,59984.0,207412.0,145543.0,1885.0,1086659.0,450911.0
2021-05-15,207789.0,1565035,1339887.0,17359.0,24950403.0,6928329.0,12450.0,33658.0,20905.0,303.0,164945.0,54739.0,68388.0,213673.0,143338.0,1947.0,1095606.0,448042.0
