date,total.active,total.confirmed,total.recovered,total.deceased,total.tested,total.vaccinated,delta.active,delta.confirmed,delta.recovered,delta.deceased,delta.tested,delta.vaccinated,delta7.active,delta7.confirmed,delta7.recovered,delta7.deceased,delta7.tested,delta7.vaccinated
2020-01-30,1.0,1,0.0,0.0,0.0,0.0,1.0,1.0,0.0,0.0,0.0,0.0,1.0,1.0,0.0,0.0,0.0,0.0
2020-02-02,2.0,2,0.0,0.0,0.0,0.0,1.0,1.0,0.0,0.0,0.0,0.0,2.0,2.0,0.0,0.0,0.0,0.0
2020-02-03,3.0,3,0.0,0.0,0.0,0.0,1.0,1.0,0.0,0.0,0.0,0.0,3.0,3.0,0.0,0.0,0.0,0.0
2020-02-14,0.0,3,3.0,0.0,0.0,0.0,-3.0,0.0,3.0,0.0,0.0,0.0,-3.0,0.0,3.0,0.0,0.0,0.0
2020-03-02,2.0,5,3.0,0.0,0.0,0.0,2.0,2.0,0.0,0.0,0.0,0.0,2.0,2.0,0.0,0.0,0.0,0.0
2020-03-03,3.0,6,3.0,0.0,0.0,0.0,1.0,1.0,0.0,0.0,0.0,0.0,3.0,3.0,0.0,0.0,0.0,0.0
2020-03-04,25.0,28,3.0,0.0,0.0,0.0,22.0,22.0,0.0,0.0,0.0,0.0,25.0,25.0,0.0,0.0,0.0,0.0
2020-03-05,27.0,30,3.0,0.0,0.0,0.0,2.0,2.0,0.0,0.0,0.0,0.0,27.0,27.0,0.0,0.0,0.0,0.0
2020-03-06,28.0,31,3.0,0.0,0.0,0.0,1.0,1.0,0.0,0.0,0.0,0.0,28.0,28.0,0.0,0.0,0.0,0.0
2020-03-07,31.0,34,3.0,0.0,0.0,0.0,3.0,3.0,0.0,0.0,0.0,0.0,31.0,31.0,0.0,0.0,0.0,0.0
2020-03-08,36.0,39,3.0,0.0,0.0,0.0,5.0,5.0,0.0,0.0,0.0,0.0,36.0,36.0,0.0,0.0,0.0,0.0
2020-03-09,45.0,48,3.0,0.0,0.0,0.0,9.0,9.0,0.0,0.0,0.0,0.0,43.0,43.0,0.0,0.0,0.0,0.0
2020-03-10,60.0,63,3.0,0.0,0.0,0.0,15.0,15.0,0.0,0.0,0.0,0.0,57.0,57.0,0.0,0.0,0.0,0.0
2020-03-11,68.0,71,3.0,0.0,0.0,0.0,8.0,8.0,0.0,0.0,0.0,0.0,43.0,43.0,0.0,0.0,0.0,0.0
2020-03-12,78.0,81,3.0,0.0,0.0,0.0,10.0,10.0,0.0,0.0,0.0,0.0,51.0,51.0,0.0,0.0,0.0,0.0
2020-03-13,87.0,91,3.0,1.0,6500.0,0.0,9.0,10.0,0.0,1.0,6500.0,0.0,59.0,60.0,0.0,1.0,6500.0,0.0
2020-03-14,98.0,102,3.0,1.0,6500.0,0.0,11.0,11.0,0.0,0.0,0.0,0.0,67.0,68.0,0.0,1.0,6500.0,0.0
2020-03-15,108.0,112,3.0,1.0,6500.0,0.0,10.0,10.0,0.0,0.0,0.0,0.0,72.0,73.0,0.0,1.0,6500.0,0.0
2020-03-16,122.0,126,3.0,1.0,6500.0,0.0,14.0,14.0,0.0,0.0,0.0,0.0,77.0,78.0,0.0,1.0,6500.0,0.0
2020-03-17,142.0,146,3.0,1.0,6500.0,0.0,20.0,20.0,0.0,0.0,0.0,0.0,82.0,83.0,0.0,1.0,6500.0,0.0
2020-03-18,167.0,171,3.0,1.0,13125.0,0.0,25.0,25.0,0.0,0.0,6625.0,0.0,99.0,100.0,0.0,1.0,13125.0,0.0
2020-03-19,194.0,198,3.0,1.0,14175.0,0.0,27.0,27.0,0.0,0.0,1050.0,0.0,116.0,117.0,0.0,1.0,14175.0,0.0
2020-03-20,251.0,256,4.0,1.0,15404.0,0.0,57.0,58.0,1.0,0.0,1229.0,0.0,164.0,165.0,1.0,0.0,8904.0,0.0
2020-03-21,329.0,334,4.0,1.0,16911.0,0.0,78.0,78.0,0.0,0.0,1507.0,0.0,231.0,232.0,1.0,0.0,10411.0,0.0
2020-03-22,398.0,403,4.0,1.0,18127.0,0.0,69.0,69.0,0.0,0.0,1216.0,0.0,290.0,291.0,1.0,0.0,11627.0,0.0
2020-03-23,492.0,497,4.0,1.0,20707.0,0.0,94.0,94.0,0.0,0.0,2580.0,0.0,370.0,371.0,1.0,0.0,14207.0,0.0
2020-03-24,564.0,571,6.0,1.0,22694.0,0.0,72.0,74.0,2.0,0.0,1987.0,0.0,422.0,425.0,3.0,0.0,16194.0,0.0
2020-03-25,650.0,657,6.0,1.0,25144.0,0.0,86.0,86.0,0.0,0.0,2450.0,0.0,483.0,486.0,3.0,0.0,12019.0,0.0
2020-03-26,722.0,730,6.0,2.0,27688.0,0.0,72.0,73.0,0.0,1.0,2544.0,0.0,528.0,532.0,3.0,1.0,13513.0,0.0
2020-03-27,872.0,883,8.0,3.0,27688.0,0.0,150.0,153.0,2.0,1.0,0.0,0.0,621.0,627.0,4.0,2.0,12284.0,0.0
2020-03-28,1008.0,1019,8.0,3.0,27688.0,0.0,136.0,136.0,0.0,0.0,0.0,0.0,679.0,685.0,4.0,2.0,10777.0,0.0
2020-03-29,1012.0,1139,99.0,28.0,27688.0,0.0,4.0,120.0,91.0,25.0,0.0,0.0,614.0,736.0,95.0,27.0,9561.0,0.0
2020-03-30,1144.0,1326,141.0,41.0,38442.0,0.0,132.0,187.0,42.0,13.0,10754.0,0.0,652.0,829.0,137.0,40.0,17735.0,0.0
2020-03-31,1428.0,1635,160.0,47.0,42788.0,0.0,284.0,309.0,19.0,6.0,4346.0,0.0,864.0,1064.0,154.0,46.0,20094.0,0.0
2020-04-01,1832.0,2059,169.0,58.0,47951.0,0.0,404.0,424.0,9.0,11.0,5163.0,0.0,1182.0,1402.0,163.0,57.0,22807.0,0.0
2020-04-02,2285.0,2545,191.0,69.0,55851.0,0.0,453.0,486.0,22.0,11.0,7900.0,0.0,1563.0,1815.0,185.0,67.0,28163.0,0.0
2020-04-03,2792.0,3105,230.0,83.0,69245.0,0.0,507.0,560.0,39.0,14.0,13394.0,0.0,1920.0,2222.0,222.0,80.0,41557.0,0.0
2020-04-04,3302.0,3684,286.0,96.0,79950.0,0.0,510.0,579.0,56.0,13.0,10705.0,0.0,2294.0,2665.0,278.0,93.0,52262.0,0.0
2020-04-05,3846.0,4293,329.0,118.0,89534.0,0.0,544.0,609.0,43.0,22.0,9584.0,0.0,2834.0,3154.0,230.0,90.0,61846.0,0.0
2020-04-06,4249.0,4777,394.0,134.0,101068.0,0.0,403.0,484.0,65.0,16.0,11534.0,0.0,3105.0,3451.0,253.0,93.0,62626.0,0.0
2020-04-07,4720.0,5350,469.0,161.0,114015.0,0.0,471.0,573.0,75.0,27.0,12947.0,0.0,3292.0,3715.0,309.0,114.0,71227.0,0.0
2020-04-08,5169.0,5915,565.0,181.0,127919.0,0.0,449.0,565.0,96.0,20.0,13904.0,0.0,3337.0,3856.0,396.0,123.0,79968.0,0.0
2020-04-09,5866.0,6728,635.0,227.0,144910.0,0.0,697.0,813.0,70.0,46.0,16991.0,0.0,3581.0,4183.0,444.0,158.0,89059.0,0.0
2020-04-10,6564.0,7599,786.0,249.0,161330.0,0.0,698.0,871.0,151.0,22.0,16420.0,0.0,3772.0,4494.0,556.0,166.0,92085.0,0.0
2020-04-11,7191.0,8453,972.0,290.0,179374.0,0.0,627.0,854.0,186.0,41.0,18044.0,0.0,3889.0,4769.0,686.0,194.0,99424.0,0.0
2020-04-12,7793.0,9211,1086.0,332.0,195748.0,0.0,602.0,758.0,114.0,42.0,16374.0,0.0,3947.0,4918.0,757.0,214.0,106214.0,0.0
2020-04-13,8897.0,10454,1198.0,359.0,217554.0,0.0,1104.0,1243.0,112.0,27.0,21806.0,0.0,4648.0,5677.0,804.0,225.0,116486.0,0.0
2020-04-14,9724.0,11485,1365.0,396.0,244893.0,0.0,827.0,1031.0,167.0,37.0,27339.0,0.0,5004.0,6135.0,896.0,235.0,130878.0,0.0
2020-04-15,10439.0,12371,1509.0,423.0,274599.0,0.0,715.0,886.0,144.0,27.0,29706.0,0.0,5270.0,6456.0,944.0,242.0,146680.0,0.0
2020-04-16,11216.0,13432,1767.0,449.0,302956.0,0.0,777.0,1061.0,258.0,26.0,28357.0,0.0,5350.0,6704.0,1132.0,222.0,158046.0,0.0
2020-04-17,11827.0,14354,2040.0,487.0,335123.0,0.0,611.0,922.0,273.0,38.0,32167.0,0.0,5263.0,6755.0,1254.0,238.0,173793.0,0.0
2020-04-18,12737.0,15725,2466.0,522.0,372123.0,0.0,910.0,1371.0,426.0,35.0,37000.0,0.0,5546.0,7272.0,1494.0,232.0,192749.0,0.0
2020-04-19,13891.0,17305,2854.0,560.0,401586.0,0.0,1154.0,1580.0,388.0,38.0,29463.0,0.0,6098.0,8094.0,1768.0,228.0,205838.0,0.0
2020-04-20,14678.0,18544,3273.0,593.0,401586.0,0.0,787.0,1239.0,419.0,33.0,0.0,0.0,5781.0,8090.0,2075.0,234.0,184032.0,0.0
2020-04-21,15459.0,20081,3976.0,646.0,462621.0,0.0,781.0,1537.0,703.0,53.0,61035.0,0.0,5735.0,8596.0,2611.0,250.0,217728.0,0.0
2020-04-22,16321.0,21373,4370.0,682.0,500542.0,0.0,862.0,1292.0,394.0,36.0,37921.0,0.0,5882.0,9002.0,2861.0,259.0,225943.0,0.0
2020-04-23,17306.0,23040,5012.0,722.0,541789.0,0.0,985.0,1667.0,642.0,40.0,41247.0,0.0,6090.0,9608.0,3245.0,273.0,238833.0,0.0
2020-04-24,18171.0,24448,5496.0,781.0,579957.0,0.0,865.0,1408.0,484.0,59.0,38168.0,0.0,6344.0,10094.0,3456.0,294.0,244834.0,0.0
2020-04-25,19520.0,26283,5938.0,825.0,625309.0,0.0,1349.0,1835.0,442.0,44.0,45352.0,0.0,6783.0,10558.0,3472.0,303.0,253186.0,0.0
2020-04-26,20486.0,27890,6523.0,881.0,665819.0,0.0,966.0,1607.0,585.0,56.0,40510.0,0.0,6595.0,10585.0,3669.0,321.0,264233.0,0.0
2020-04-27,21416.0,29458,7103.0,939.0,716733.0,0.0,930.0,1568.0,580.0,58.0,50914.0,0.0,6738.0,10914.0,3830.0,346.0,315147.0,0.0
2020-04-28,22613.0,31360,7739.0,1008.0,770764.0,0.0,1197.0,1902.0,636.0,69.0,54031.0,0.0,7154.0,11279.0,3763.0,362.0,308143.0,0.0
2020-04-29,23557.0,33065,8429.0,1079.0,830201.0,0.0,944.0,1705.0,690.0,71.0,59437.0,0.0,7236.0,11692.0,4059.0,397.0,329659.0,0.0
2020-04-30,24654.0,34867,9059.0,1154.0,902654.0,0.0,1097.0,1802.0,630.0,75.0,72453.0,0.0,7348.0,11827.0,4047.0,432.0,360865.0,0.0
2020-05-01,26011.0,37263,10021.0,1231.0,976363.0,0.0,1357.0,2396.0,962.0,77.0,73709.0,0.0,7840.0,12815.0,4525.0,450.0,396406.0,0.0
2020-05-02,27652.0,39827,10852.0,1323.0,1046450.0,0.0,1641.0,2564.0,831.0,92.0,70087.0,0.0,8132.0,13544.0,4914.0,498.0,421141.0,0.0
2020-05-03,29553.0,42779,11763.0,1463.0,1107233.0,0.0,1901.0,2952.0,911.0,140.0,60783.0,0.0,9067.0,14889.0,5240.0,582.0,441414.0,0.0
2020-05-04,32024.0,46435,12845.0,1566.0,1191946.0,0.0,2471.0,3656.0,1082.0,103.0,84713.0,0.0,10608.0,16977.0,5742.0,627.0,475213.0,0.0
2020-05-05,33572.0,49406,14140.0,1694.0,1276781.0,0.0,1548.0,2971.0,1295.0,128.0,84835.0,0.0,10959.0,18046.0,6401.0,686.0,506017.0,0.0
2020-05-06,35922.0,53008,15301.0,1785.0,1357413.0,0.0,2350.0,3602.0,1161.0,91.0,80632.0,0.0,12365.0,19943.0,6872.0,706.0,527212.0,0.0
2020-05-07,37687.0,56352,16776.0,1889.0,1437788.0,0.0,1765.0,3344.0,1475.0,104.0,80375.0,0.0,13033.0,21485.0,7717.0,735.0,535134.0,0.0
2020-05-08,39818.0,59691,17887.0,1986.0,1523213.0,0.0,2131.0,3339.0,1111.0,97.0,85425.0,0.0,13807.0,22428.0,7866.0,755.0,546850.0,0.0
2020-05-09,41463.0,62866,19301.0,2102.0,1609037.0,0.0,1645.0,3175.0,1414.0,116.0,85824.0,0.0,13811.0,23039.0,8449.0,779.0,562587.0,0.0
2020-05-10,43993.0,67177,20970.0,2214.0,1673688.0,0.0,2530.0,4311.0,1669.0,112.0,64651.0,0.0,14440.0,24398.0,9207.0,751.0,566455.0,0.0
2020-05-11,45925.0,70769,22549.0,2295.0,1759579.0,0.0,1932.0,3592.0,1579.0,81.0,85891.0,0.0,13901.0,24334.0,9704.0,729.0,567633.0,0.0
2020-05-12,47462.0,74331,24454.0,2415.0,1854250.0,0.0,1537.0,3562.0,1905.0,120.0,94671.0,0.0,13890.0,24925.0,10314.0,721.0,577469.0,0.0
2020-05-13,49088.0,78057,26417.0,2552.0,1947041.0,0.0,1626.0,3726.0,1963.0,137.0,92791.0,0.0,13166.0,25049.0,11116.0,767.0,589628.0,0.0
2020-05-14,51388.0,82048,28011.0,2649.0,2039952.0,0.0,2300.0,3991.0,1594.0,97.0,92911.0,0.0,13701.0,25696.0,11235.0,760.0,602164.0,0.0
2020-05-15,52858.0,85856,30245.0,2753.0,2134277.0,0.0,1470.0,3808.0,2234.0,104.0,94325.0,0.0,13040.0,26165.0,12358.0,767.0,611064.0,0.0
2020-05-16,53520.0,90650,34257.0,2873.0,2227642.0,0.0,662.0,4794.0,4012.0,120.0,93365.0,0.0,12057.0,27784.0,14956.0,771.0,618605.0,0.0
2020-05-17,55879.0,95699,36795.0,3025.0,2302792.0,0.0,2359.0,5049.0,2538.0,152.0,75150.0,0.0,11886.0,28522.0,15825.0,811.0,629104.0,0.0
2020-05-18,57894.0,100327,39277.0,3156.0,2404267.0,0.0,2015.0,4628.0,2482.0,131.0,101475.0,0.0,11969.0,29558.0,16728.0,861.0,644688.0,0.0
2020-05-19,60870.0,106481,42309.0,3302.0,2512388.0,0.0,2976.0,6154.0,3032.0,146.0,108121.0,0.0,13408.0,32150.0,17855.0,887.0,658138.0,0.0
2020-05-20,63343.0,112201,45422.0,3436.0,2615920.0,0.0,2473.0,5720.0,3113.0,134.0,103532.0,0.0,14255.0,34144.0,19005.0,884.0,668879.0,0.0
2020-05-21,66087.0,118224,48553.0,3584.0,2719434.0,0.0,2744.0,6023.0,3131.0,148.0,103514.0,0.0,14699.0,36176.0,20542.0,935.0,679482.0,0.0
2020-05-22,69201.0,124760,51833.0,3726.0,2834798.0,0.0,3114.0,6536.0,3280.0,142.0,115364.0,0.0,16343.0,38904.0,21588.0,973.0,700521.0,0.0
2020-05-23,73148.0,131425,54409.0,3868.0,2943421.0,0.0,3947.0,6665.0,2576.0,142.0,108623.0,0.0,19628.0,40775.0,20152.0,995.0,715779.0,0.0
2020-05-24,76818.0,138536,57694.0,4024.0,3033591.0,0.0,3670.0,7111.0,3285.0,156.0,90170.0,0.0,20939.0,42837.0,20899.0,999.0,730799.0,0.0
2020-05-25,80071.0,144950,60706.0,4173.0,3126119.0,0.0,3253.0,6414.0,3012.0,149.0,92528.0,0.0,22177.0,44623.0,21429.0,1017.0,721852.0,0.0
2020-05-26,82220.0,150857,64291.0,4346.0,3242160.0,0.0,2149.0,5907.0,3585.0,173.0,116041.0,0.0,21350.0,44376.0,21982.0,1044.0,729772.0,0.0
2020-05-27,85844.0,158103,67725.0,4534.0,3362136.0,0.0,3624.0,7246.0,3434.0,188.0,119976.0,0.0,22501.0,45902.0,22303.0,1098.0,746216.0,0.0
2020-05-28,89751.0,165357,70896.0,4710.0,3483838.0,0.0,3907.0,7254.0,3171.0,176.0,121702.0,0.0,23664.0,47133.0,22343.0,1126.0,764404.0,0.0
2020-05-29,85886.0,173495,82631.0,4978.0,3611599.0,0.0,-3865.0,8138.0,11735.0,268.0,127761.0,0.0,16685.0,48735.0,30798.0,1252.0,776801.0,0.0
2020-05-30,89742.0,181859,86934.0,5183.0,3737027.0,0.0,3856.0,8364.0,4303.0,205.0,125428.0,0.0,16594.0,50434.0,32525.0,1315.0,793606.0,0.0
2020-05-31,93381.0,190648,91862.0,5405.0,3837207.0,0.0,3639.0,8789.0,4928.0,222.0,100180.0,0.0,16563.0,52112.0,34168.0,1381.0,803616.0,0.0
2020-06-01,97022.0,198372,95744.0,5606.0,3966075.0,0.0,3641.0,7724.0,3882.0,201.0,128868.0,0.0,16951.0,53422.0,35038.0,1433.0,839956.0,0.0
2020-06-02,101081.0,207184,100275.0,5828.0,4103233.0,0.0,4059.0,8812.0,4531.0,222.0,137158.0,0.0,18861.0,56327.0,35984.0,1482.0,861073.0,0.0
2020-06-03,106721.0,216872,104064.0,6087.0,4242718.0,0.0,5640.0,9688.0,3789.0,259.0,139485.0,0.0,20877.0,58769.0,36339.0,1553.0,880582.0,0.0
2020-06-04,111904.0,226719,108454.0,6361.0,4386379.0,0.0,5183.0,9847.0,4390.0,274.0,143661.0,0.0,22153.0,61362.0,37558.0,1651.0,902541.0,0.0
2020-06-05,116319.0,236191,113225.0,6647.0,4524317.0,0.0,4415.0,9472.0,4771.0,286.0,137938.0,0.0,30433.0,62696.0,30594.0,1669.0,912718.0,0.0
2020-06-06,120997.0,246599,118658.0,6944.0,4666386.0,0.0,4678.0,10408.0,5433.0,297.0,142069.0,0.0,31255.0,64740.0,31724.0,1761.0,929359.0,0.0
2020-06-07,126427.0,257481,123849.0,7205.0,4774434.0,0.0,5430.0,10882.0,5191.0,261.0,108048.0,0.0,33046.0,66833.0,31987.0,1800.0,937227.0,0.0
2020-06-08,129521.0,266017,129020.0,7476.0,4916116.0,0.0,3094.0,8536.0,5171.0,271.0,141682.0,0.0,32499.0,67645.0,33276.0,1870.0,950041.0,0.0
2020-06-09,133596.0,275998,134654.0,7748.0,5061332.0,0.0,4075.0,9981.0,5634.0,272.0,145216.0,0.0,32515.0,68814.0,34379.0,1920.0,958099.0,0.0
2020-06-10,138119.0,287154,140929.0,8106.0,5213140.0,0.0,4523.0,11156.0,6275.0,358.0,151808.0,0.0,31398.0,70282.0,36865.0,2019.0,970422.0,0.0
2020-06-11,142816.0,298289,146973.0,8500.0,5363445.0,0.0,4697.0,11135.0,6044.0,394.0,150305.0,0.0,30912.0,71570.0,38519.0,2139.0,977066.0,0.0
2020-06-12,146471.0,309595,154236.0,8888.0,5507182.0,0.0,3655.0,11306.0,7263.0,388.0,143737.0,0.0,30152.0,73404.0,41011.0,2241.0,982865.0,0.0
2020-06-13,150110.0,321634,162327.0,9197.0,5658614.0,0.0,3639.0,12039.0,8091.0,309.0,151432.0,0.0,29113.0,75035.0,43669.0,2253.0,992228.0,0.0
2020-06-14,153832.0,333038,169685.0,9521.0,5774133.0,0.0,3722.0,11404.0,7358.0,324.0,115519.0,0.0,27405.0,75557.0,45836.0,2316.0,999699.0,0.0
2020-06-15,152828.0,343070,180325.0,9917.0,5921069.0,0.0,-1004.0,10032.0,10640.0,396.0,146936.0,0.0,23307.0,77053.0,51305.0,2441.0,1004953.0,0.0
2020-06-16,154683.0,354155,187551.0,11921.0,6084256.0,0.0,1855.0,11085.0,7226.0,2004.0,163187.0,0.0,21087.0,78157.0,52897.0,4173.0,1022924.0,0.0
2020-06-17,160560.0,367263,194441.0,12262.0,6249668.0,0.0,5877.0,13108.0,6890.0,341.0,165412.0,0.0,22441.0,80109.0,53512.0,4156.0,1036528.0,0.0
2020-06-18,163305.0,381092,205182.0,12605.0,6426627.0,0.0,2745.0,13829.0,10741.0,343.0,176959.0,0.0,20489.0,82803.0,58209.0,4105.0,1063182.0,0.0
2020-06-19,168652.0,395832,214211.0,12969.0,6616496.0,0.0,5347.0,14740.0,9029.0,364.0,189869.0,0.0,22181.0,86237.0,59975.0,4081.0,1109314.0,0.0
2020-06-20,170288.0,411750,228185.0,13277.0,6807226.0,0.0,1636.0,15918.0,13974.0,308.0,190730.0,0.0,20178.0,90116.0,65858.0,4080.0,1148612.0,0.0
2020-06-21,175938.0,426901,237260.0,13703.0,6950493.0,0.0,5650.0,15151.0,9075.0,426.0,143267.0,0.0,22106.0,93863.0,67575.0,4182.0,1176360.0,0.0
2020-06-22,178307.0,440461,248139.0,14015.0,7137716.0,0.0,2369.0,13560.0,10879.0,312.0,187223.0,0.0,25479.0,97391.0,67814.0,4098.0,1216647.0,0.0
2020-06-23,183033.0,456117,258601.0,14483.0,7352911.0,0.0,4726.0,15656.0,10462.0,468.0,215195.0,0.0,28350.0,101962.0,71050.0,2562.0,1268655.0,0.0
2020-06-24,186388.0,472985,271690.0,14907.0,7560782.0,0.0,3355.0,16868.0,13089.0,424.0,207871.0,0.0,25828.0,105722.0,77249.0,2645.0,1311114.0,0.0
2020-06-25,190209.0,491190,285673.0,15308.0,7776228.0,0.0,3821.0,18205.0,13983.0,401.0,215446.0,0.0,26904.0,110098.0,80491.0,2703.0,1349601.0,0.0
2020-06-26,197837.0,509445,295919.0,15689.0,7996707.0,0.0,7628.0,18255.0,10246.0,381.0,220479.0,0.0,29185.0,113613.0,81708.0,2720.0,1380211.0,0.0
2020-06-27,203336.0,529587,310148.0,16103.0,8227802.0,0.0,5499.0,20142.0,14229.0,414.0,231095.0,0.0,33048.0,117837.0,81963.0,2826.0,1420576.0,0.0
2020-06-28,210931.0,549197,321779.0,16487.0,8398362.0,0.0,7595.0,19610.0,11631.0,384.0,170560.0,0.0,34993.0,122296.0,84519.0,2784.0,1447869.0,0.0
2020-06-29,215356.0,567536,335276.0,16904.0,8608654.0,0.0,4425.0,18339.0,13497.0,417.0,210292.0,0.0,37049.0,127075.0,87137.0,2889.0,1470938.0,0.0
2020-06-30,220540.0,585791,347841.0,17410.0,8826585.0,0.0,5184.0,18255.0,12565.0,506.0,217931.0,0.0,37507.0,129674.0,89240.0,2927.0,1473674.0,0.0
2020-07-01,227468.0,605221,359905.0,17848.0,9056173.0,0.0,6928.0,19430.0,12064.0,438.0,229588.0,0.0,41080.0,132236.0,88215.0,2941.0,1495391.0,0.0
2020-07-02,229038.0,627168,379904.0,18226.0,9297749.0,0.0,1570.0,21947.0,19999.0,378.0,241576.0,0.0,38829.0,135978.0,94231.0,2918.0,1521521.0,0.0
2020-07-03,236895.0,649886,394321.0,18670.0,9540132.0,0.0,7857.0,22718.0,14417.0,444.0,242383.0,0.0,39058.0,140441.0,98402.0,2981.0,1543425.0,0.0
2020-07-04,245556.0,673904,409067.0,19281.0,9789066.0,0.0,8661.0,24018.0,14746.0,611.0,248934.0,0.0,42220.0,144317.0,98919.0,3178.0,1561264.0,0.0
2020-07-05,253248.0,697846,424896.0,19702.0,9969662.0,0.0,7692.0,23942.0,15829.0,421.0,180596.0,0.0,42317.0,148649.0,103117.0,3215.0,1571300.0,0.0
2020-07-06,259960.0,720346,440211.0,20175.0,10211092.0,0.0,6712.0,22500.0,15315.0,473.0,241430.0,0.0,44604.0,152810.0,104935.0,3271.0,1602438.0,0.0
2020-07-07,265791.0,743494,457049.0,20654.0,10473771.0,0.0,5831.0,23148.0,16838.0,479.0,262679.0,0.0,45251.0,157703.0,109208.0,3244.0,1647186.0,0.0
2020-07-08,271352.0,769055,476557.0,21146.0,10740832.0,0.0,5561.0,25561.0,19508.0,492.0,267061.0,0.0,43884.0,163834.0,116652.0,3298.0,1684659.0,0.0
2020-07-09,277255.0,794845,495965.0,21625.0,11024491.0,0.0,5903.0,25790.0,19408.0,479.0,283659.0,0.0,48217.0,167677.0,116061.0,3399.0,1726742.0,0.0
2020-07-10,284195.0,822594,516254.0,22145.0,11307002.0,0.0,6940.0,27749.0,20289.0,520.0,282511.0,0.0,47300.0,172708.0,121933.0,3475.0,1766870.0,0.0
2020-07-11,291427.0,850348,536235.0,22686.0,11587153.0,0.0,7232.0,27754.0,19981.0,541.0,280151.0,0.0,45871.0,176444.0,127168.0,3405.0,1798087.0,0.0
2020-07-12,301838.0,879454,554433.0,23183.0,11806256.0,0.0,10411.0,29106.0,18198.0,497.0,219103.0,0.0,48590.0,181608.0,129537.0,3481.0,1836594.0,0.0
2020-07-13,311792.0,907632,572116.0,23724.0,12092503.0,0.0,9954.0,28178.0,17683.0,541.0,286247.0,0.0,51832.0,187286.0,131905.0,3549.0,1881411.0,0.0
2020-07-14,320151.0,937549,593092.0,24306.0,12412664.0,0.0,8359.0,29917.0,20976.0,582.0,320161.0,0.0,54360.0,194055.0,136043.0,3652.0,1938893.0,0.0
2020-07-15,331498.0,970156,613738.0,24920.0,12739490.0,0.0,11347.0,32607.0,20646.0,614.0,326826.0,0.0,60146.0,201101.0,137181.0,3774.0,1998658.0,0.0
2020-07-16,343419.0,1005624,636605.0,25600.0,13072718.0,0.0,11921.0,35468.0,22867.0,680.0,333228.0,0.0,66164.0,210779.0,140640.0,3975.0,2048227.0,0.0
2020-07-17,360081.0,1040448,654091.0,26276.0,13433742.0,0.0,16662.0,34824.0,17486.0,676.0,361024.0,0.0,75886.0,217854.0,137837.0,4131.0,2126740.0,0.0
2020-07-18,373367.0,1077859,677673.0,26819.0,13791869.0,0.0,13286.0,37411.0,23582.0,543.0,358127.0,0.0,81940.0,227511.0,141438.0,4133.0,2204716.0,0.0
2020-07-19,390197.0,1118094,700403.0,27494.0,14047908.0,0.0,16830.0,40235.0,22730.0,675.0,256039.0,0.0,88359.0,238640.0,145970.0,4311.0,2241652.0,0.0
2020-07-20,402104.0,1154900,724706.0,28090.0,14381303.0,0.0,11907.0,36806.0,24303.0,596.0,333395.0,0.0,90312.0,247268.0,152590.0,4366.0,2288800.0,0.0
2020-07-21,413014.0,1194070,752295.0,28761.0,14724546.0,0.0,10910.0,39170.0,27589.0,671.0,343243.0,0.0,92863.0,256521.0,159203.0,4455.0,2311882.0,0.0
2020-07-22,425610.0,1239671,784170.0,29891.0,15075369.0,0.0,12596.0,45601.0,31875.0,1130.0,350823.0,0.0,94112.0,269515.0,170432.0,4971.0,2335879.0,0.0
2020-07-23,439972.0,1288114,817496.0,30646.0,15428170.0,0.0,14362.0,48443.0,33326.0,755.0,352801.0,0.0,96553.0,282490.0,180891.0,5046.0,2355452.0,0.0
2020-07-24,455583.0,1337002,850010.0,31409.0,15849068.0,0.0,15611.0,48888.0,32514.0,763.0,420898.0,0.0,95502.0,296554.0,195919.0,5133.0,2415326.0,0.0
2020-07-25,467827.0,1387074,887135.0,32112.0,16291331.0,0.0,12244.0,50072.0,37125.0,703.0,442263.0,0.0,94460.0,309215.0,209462.0,5293.0,2499462.0,0.0
2020-07-26,484543.0,1436006,918647.0,32816.0,16806803.0,0.0,16716.0,48932.0,31512.0,704.0,515472.0,0.0,94346.0,317912.0,218244.0,5322.0,2758895.0,0.0
2020-07-27,496031.0,1482490,953001.0,33458.0,17334885.0,0.0,11488.0,46484.0,34354.0,642.0,528082.0,0.0,93927.0,327590.0,228295.0,5368.0,2953582.0,0.0
2020-07-28,509205.0,1532121,988684.0,34232.0,17743740.0,0.0,13174.0,49631.0,35683.0,774.0,408855.0,0.0,96191.0,338051.0,236389.0,5471.0,3019194.0,0.0
2020-07-29,528023.0,1584600,1021570.0,35007.0,18190382.0,0.0,18818.0,52479.0,32886.0,775.0,446642.0,0.0,102413.0,344929.0,237400.0,5116.0,3115013.0,0.0
2020-07-30,544782.0,1639568,1058995.0,35791.0,18832970.0,0.0,16759.0,54968.0,37425.0,784.0,642588.0,0.0,104810.0,351454.0,241499.0,5145.0,3404800.0,0.0
2020-07-31,564949.0,1697054,1095549.0,36556.0,19358659.0,0.0,20167.0,57486.0,36554.0,765.0,525689.0,0.0,109366.0,360052.0,245539.0,5147.0,3509591.0,0.0
2020-08-01,567844.0,1752171,1146917.0,37410.0,19821831.0,0.0,2895.0,55117.0,51368.0,854.0,463172.0,0.0,100017.0,365097.0,259782.0,5298.0,3530500.0,0.0
2020-08-02,579401.0,1804843,1187272.0,38170.0,20202858.0,0.0,11557.0,52672.0,40355.0,760.0,381027.0,0.0,94858.0,368837.0,268625.0,5354.0,3396055.0,0.0
2020-08-03,586016.0,1855334,1230342.0,38976.0,20864750.0,0.0,6615.0,50491.0,43070.0,806.0,661892.0,0.0,89985.0,372844.0,277341.0,5518.0,3529865.0,0.0
2020-08-04,585229.0,1906616,1281562.0,39825.0,21484402.0,0.0,-787.0,51282.0,51220.0,849.0,619652.0,0.0,76024.0,374495.0,292878.0,5593.0,3740662.0,0.0
2020-08-05,595353.0,1963242,1327145.0,40744.0,22149351.0,0.0,10124.0,56626.0,45583.0,919.0,664949.0,0.0,67330.0,378642.0,305575.0,5737.0,3958969.0,0.0
2020-08-06,606483.0,2025412,1377286.0,41643.0,22788393.0,0.0,11130.0,62170.0,50141.0,899.0,639042.0,0.0,61701.0,385844.0,318291.0,5852.0,3955423.0,0.0
2020-08-07,616615.0,2086867,1427673.0,42579.0,23387171.0,0.0,10132.0,61455.0,50387.0,936.0,598778.0,0.0,51666.0,389813.0,332124.0,6023.0,4028512.0,0.0
2020-08-08,628761.0,2152023,1479808.0,43454.0,24106535.0,0.0,12146.0,65156.0,52135.0,875.0,719364.0,0.0,60917.0,399852.0,332891.0,6044.0,4284704.0,0.0
2020-08-09,635391.0,2214140,1534282.0,44467.0,24583558.0,0.0,6630.0,62117.0,54474.0,1013.0,477023.0,0.0,55990.0,409297.0,347010.0,6297.0,4380700.0,0.0
2020-08-10,640158.0,2267156,1581644.0,45354.0,25281848.0,0.0,4767.0,53016.0,47362.0,887.0,698290.0,0.0,54142.0,411822.0,351302.0,6378.0,4417098.0,0.0
2020-08-11,644114.0,2328408,1638105.0,46189.0,26015297.0,0.0,3956.0,61252.0,56461.0,835.0,733449.0,0.0,58885.0,421792.0,356543.0,6364.0,4530895.0,0.0
2020-08-12,652471.0,2395474,1695864.0,47139.0,26845688.0,0.0,8357.0,67066.0,57759.0,950.0,830391.0,0.0,57118.0,432232.0,368719.0,6395.0,4696337.0,0.0
2020-08-13,660830.0,2459615,1750640.0,48145.0,27694416.0,0.0,8359.0,64141.0,54776.0,1006.0,848728.0,0.0,54347.0,434203.0,373354.0,6502.0,4906023.0,0.0
2020-08-14,668531.0,2525225,1807560.0,49134.0,28563095.0,0.0,7701.0,65610.0,56920.0,989.0,868679.0,0.0,51916.0,438358.0,379887.0,6555.0,5175924.0,0.0
2020-08-15,678449.0,2589211,1860676.0,50086.0,29309703.0,0.0,9918.0,63986.0,53116.0,952.0,746608.0,0.0,49688.0,437188.0,380868.0,6632.0,5203168.0,0.0
2020-08-16,678189.0,2647307,1918080.0,51038.0,30041400.0,0.0,-260.0,58096.0,57404.0,952.0,731697.0,0.0,42798.0,433167.0,383798.0,6571.0,5457842.0,0.0
2020-08-17,673435.0,2701605,1976252.0,51918.0,30941264.0,0.0,-4754.0,54298.0,58172.0,880.0,899864.0,0.0,33277.0,434449.0,394608.0,6564.0,5659416.0,0.0
2020-08-18,676905.0,2766629,2036707.0,53017.0,31742782.0,0.0,3470.0,65024.0,60455.0,1099.0,801518.0,0.0,32791.0,438221.0,398602.0,6828.0,5727485.0,0.0
2020-08-19,685757.0,2835825,2096072.0,53996.0,32661252.0,0.0,8852.0,69196.0,59365.0,979.0,918470.0,0.0,33286.0,440351.0,400208.0,6857.0,5815564.0,0.0
2020-08-20,691421.0,2904343,2157945.0,54977.0,33467237.0,0.0,5664.0,68518.0,61873.0,981.0,805985.0,0.0,30591.0,444728.0,407305.0,6832.0,5772821.0,0.0
2020-08-21,696639.0,2973372,2220803.0,55930.0,34491073.0,0.0,5218.0,69029.0,62858.0,953.0,1023836.0,0.0,28108.0,448147.0,413243.0,6796.0,5927978.0,0.0
2020-08-22,706687.0,3043439,2279904.0,56848.0,35292220.0,0.0,10048.0,70067.0,59101.0,918.0,801147.0,0.0,28238.0,454228.0,419228.0,6762.0,5982517.0,0.0
2020-08-23,710694.0,3105188,2336800.0,57694.0,35902137.0,0.0,4007.0,61749.0,56896.0,846.0,609917.0,0.0,32505.0,457881.0,418720.0,6656.0,5860737.0,0.0
2020-08-24,703231.0,3164884,2403105.0,58548.0,36827520.0,0.0,-7463.0,59696.0,66305.0,854.0,925383.0,0.0,29796.0,463279.0,426853.0,6630.0,5886256.0,0.0
2020-08-25,704887.0,3231757,2467256.0,59614.0,37651512.0,0.0,1656.0,66873.0,64151.0,1066.0,823992.0,0.0,27982.0,465128.0,430549.0,6597.0,5908730.0,0.0
2020-08-26,723674.0,3307752,2523447.0,60631.0,38576510.0,0.0,18787.0,75995.0,56191.0,1017.0,924998.0,0.0,37917.0,471927.0,427375.0,6635.0,5915258.0,0.0
2020-08-27,739815.0,3384579,2583067.0,61697.0,39477848.0,0.0,16141.0,76827.0,59620.0,1066.0,901338.0,0.0,48394.0,480236.0,425122.0,6720.0,6010611.0,0.0
2020-08-28,750978.0,3461236,2647542.0,62716.0,40406609.0,0.0,11163.0,76657.0,64475.0,1019.0,928761.0,0.0,54339.0,487864.0,426739.0,6786.0,5915536.0,0.0
2020-08-29,763532.0,3539715,2712524.0,63659.0,41461636.0,0.0,12554.0,78479.0,64982.0,943.0,1055027.0,0.0,56845.0,496276.0,432620.0,6811.0,6169416.0,0.0
2020-08-30,781611.0,3619176,2772946.0,64619.0,42307914.0,0.0,18079.0,79461.0,60422.0,960.0,846278.0,0.0,70917.0,513988.0,436146.0,6925.0,6405777.0,0.0
2020-08-31,785126.0,3687942,2837381.0,65435.0,43324834.0,0.0,3515.0,68766.0,64435.0,816.0,1016920.0,0.0,81895.0,523058.0,434276.0,6887.0,6497314.0,0.0
2020-09-01,800120.0,3766110,2899528.0,66462.0,44337201.0,0.0,14994.0,78168.0,62147.0,1027.0,1012367.0,0.0,95233.0,534353.0,432272.0,6848.0,6685689.0,0.0
2020-09-02,814083.0,3848975,2967404.0,67488.0,45509380.0,0.0,13963.0,82865.0,67876.0,1026.0,1172179.0,0.0,90409.0,541223.0,443957.0,6857.0,6932870.0,0.0
2020-09-03,829649.0,3933134,3034914.0,68571.0,46679145.0,0.0,15566.0,84159.0,67510.0,1083.0,1169765.0,0.0,89834.0,548555.0,451847.0,6874.0,7201297.0,0.0
2020-09-04,846086.0,4020241,3104518.0,69637.0,47738491.0,0.0,16437.0,87107.0,69604.0,1066.0,1059346.0,0.0,95108.0,559005.0,456976.0,6921.0,7331882.0,0.0
2020-09-05,862483.0,4110847,3177683.0,70681.0,48831145.0,0.0,16397.0,90606.0,73165.0,1044.0,1092654.0,0.0,98951.0,571132.0,465159.0,7022.0,7369509.0,0.0
2020-09-06,883573.0,4202572,3247313.0,71686.0,49551507.0,0.0,21090.0,91725.0,69630.0,1005.0,720362.0,0.0,101962.0,583396.0,474367.0,7067.0,7243593.0,0.0
2020-09-07,883343.0,4277587,3321429.0,72815.0,50650128.0,0.0,-230.0,75015.0,74116.0,1129.0,1098621.0,0.0,98217.0,589645.0,484048.0,7380.0,7325294.0,0.0
2020-09-08,897483.0,4367442,3396037.0,73922.0,51804677.0,0.0,14140.0,89855.0,74608.0,1107.0,1154549.0,0.0,97363.0,601332.0,496509.0,7460.0,7467476.0,0.0
2020-09-09,918789.0,4462978,3469099.0,75090.0,52934433.0,0.0,21306.0,95536.0,73062.0,1168.0,1129756.0,0.0,104706.0,614003.0,501695.0,7602.0,7425053.0,0.0
2020-09-10,943434.0,4559740,3540003.0,76303.0,54097975.0,0.0,24645.0,96762.0,70904.0,1213.0,1163542.0,0.0,113785.0,626606.0,505089.0,7732.0,7418830.0,0.0
2020-09-11,958431.0,4657395,3621459.0,77505.0,55189226.0,0.0,14997.0,97655.0,81456.0,1202.0,1091251.0,0.0,112345.0,637154.0,516941.0,7868.0,7450735.0,0.0
2020-09-12,973872.0,4751809,3699321.0,78616.0,56260928.0,0.0,15441.0,94414.0,77862.0,1111.0,1071702.0,0.0,111389.0,640962.0,521638.0,7935.0,7429783.0,0.0
2020-09-13,988204.0,4845029,3777069.0,79756.0,57239428.0,0.0,14332.0,93220.0,77748.0,1140.0,978500.0,0.0,104631.0,642457.0,529756.0,8070.0,7687921.0,0.0
2020-09-14,989851.0,4926938,3856277.0,80810.0,58312273.0,0.0,1647.0,81909.0,79208.0,1054.0,1072845.0,0.0,106508.0,649351.0,534848.0,7995.0,7662145.0,0.0
2020-09-15,996813.0,5018035,3939131.0,82091.0,59429115.0,0.0,6962.0,91097.0,82854.0,1281.0,1116842.0,0.0,99330.0,650593.0,543094.0,8169.0,7624438.0,0.0
2020-09-16,1010609.0,5115895,4022055.0,83231.0,60565728.0,0.0,13796.0,97860.0,82924.0,1140.0,1136613.0,0.0,91820.0,652917.0,552956.0,8141.0,7631295.0,0.0
2020-09-17,1018433.0,5212682,4109843.0,84406.0,61572343.0,0.0,7824.0,96787.0,87788.0,1175.0,1006615.0,0.0,74999.0,652942.0,569840.0,8103.0,7474368.0,0.0
2020-09-18,1014670.0,5305655,4205358.0,85627.0,62454254.0,0.0,-3763.0,92973.0,95515.0,1221.0,881911.0,0.0,56239.0,648260.0,583899.0,8122.0,7265028.0,0.0
2020-09-19,1011706.0,5398229,4299747.0,86776.0,63661060.0,0.0,-2964.0,92574.0,94389.0,1149.0,1206806.0,0.0,37834.0,646420.0,600426.0,8160.0,7400132.0,0.0
2020-09-20,1005040.0,5485624,4392673.0,87911.0,64392594.0,0.0,-6666.0,87395.0,92926.0,1135.0,731534.0,0.0,16836.0,640595.0,615604.0,8155.0,7153166.0,0.0
2020-09-21,976402.0,5560117,4494748.0,88967.0,65325779.0,0.0,-28638.0,74493.0,102075.0,1056.0,933185.0,0.0,-13449.0,633179.0,638471.0,8157.0,7013506.0,0.0
2020-09-22,969022.0,5643479,4584405.0,90052.0,66279462.0,0.0,-7380.0,83362.0,89657.0,1085.0,953683.0,0.0,-27791.0,625444.0,645274.0,7961.0,6850347.0,0.0
2020-09-23,967143.0,5730182,4671864.0,91175.0,67436031.0,0.0,-1879.0,86703.0,87459.0,1123.0,1156569.0,0.0,-43466.0,614287.0,649809.0,7944.0,6870303.0,0.0
2020-09-24,970778.0,5816103,4753006.0,92319.0,68928440.0,0.0,3635.0,85921.0,81142.0,1144.0,1492409.0,0.0,-47655.0,603421.0,643163.0,7913.0,7356097.0,0.0
2020-09-25,962071.0,5901820,4846337.0,93412.0,70269975.0,0.0,-8707.0,85717.0,93331.0,1093.0,1341535.0,0.0,-52599.0,596165.0,640979.0,7785.0,7815721.0,0.0
2020-09-26,957341.0,5990579,4938702.0,94536.0,71257836.0,0.0,-4730.0,88759.0,92365.0,1124.0,987861.0,0.0,-54365.0,592350.0,638955.0,7760.0,7596776.0,0.0
2020-09-27,964380.0,6073349,5013393.0,95576.0,71967230.0,0.0,7039.0,82770.0,74691.0,1040.0,709394.0,0.0,-40660.0,587725.0,620720.0,7665.0,7574636.0,0.0
2020-09-28,948076.0,6143018,5098591.0,96351.0,73110041.0,0.0,-16304.0,69669.0,85198.0,775.0,1142811.0,0.0,-28326.0,582901.0,603843.0,7384.0,7784262.0,0.0
2020-09-29,941248.0,6223518,5184741.0,97529.0,74196729.0,0.0,-6828.0,80500.0,86150.0,1178.0,1086688.0,0.0,-27774.0,580039.0,600336.0,7477.0,7917267.0,0.0
2020-09-30,941543.0,6310266,5270015.0,98708.0,75619781.0,0.0,295.0,86748.0,85274.0,1179.0,1423052.0,0.0,-25600.0,580084.0,598151.0,7533.0,8183750.0,0.0
2020-10-01,943498.0,6392051,5348746.0,99807.0,76717728.0,0.0,1955.0,81785.0,78731.0,1099.0,1097947.0,0.0,-27280.0,575948.0,595740.0,7488.0,7789288.0,0.0
2020-10-02,945975.0,6471936,5425086.0,100875.0,77850403.0,0.0,2477.0,79885.0,76340.0,1068.0,1132675.0,0.0,-16096.0,570116.0,578749.0,7463.0,7580428.0,0.0
2020-10-03,938862.0,6547415,5506741.0,101812.0,78992534.0,0.0,-7113.0,75479.0,81655.0,937.0,1142131.0,0.0,-18479.0,556836.0,568039.0,7276.0,7734698.0,0.0
2020-10-04,936014.0,6622185,5583456.0,102715.0,79982394.0,0.0,-2848.0,74770.0,76715.0,903.0,989860.0,0.0,-28366.0,548836.0,570063.0,7139.0,8015164.0,0.0
2020-10-05,919401.0,6682315,5659313.0,103601.0,81071797.0,0.0,-16613.0,60130.0,75857.0,886.0,1089403.0,0.0,-28675.0,539297.0,560722.0,7250.0,7961756.0,0.0
2020-10-06,908335.0,6754184,5741258.0,104591.0,82271654.0,0.0,-11066.0,71869.0,81945.0,990.0,1199857.0,0.0,-32913.0,530666.0,556517.0,7062.0,8074925.0,0.0
2020-10-07,902971.0,6832993,5824468.0,105554.0,83465975.0,0.0,-5364.0,78809.0,83210.0,963.0,1194321.0,0.0,-38572.0,522727.0,554453.0,6846.0,7846194.0,0.0
2020-10-08,894057.0,6903791,5903213.0,106521.0,84634680.0,0.0,-8914.0,70798.0,78745.0,967.0,1168705.0,0.0,-49441.0,511740.0,554467.0,6714.0,7916952.0,0.0
2020-10-09,883805.0,6977096,5985841.0,107450.0,85798698.0,0.0,-10252.0,73305.0,82628.0,929.0,1164018.0,0.0,-62170.0,505160.0,560755.0,6575.0,7948295.0,0.0
2020-10-10,868278.0,7051514,6074865.0,108371.0,86877242.0,0.0,-15527.0,74418.0,89024.0,921.0,1078544.0,0.0,-70584.0,504099.0,568124.0,6559.0,7884708.0,0.0
2020-10-11,863689.0,7119303,6146430.0,109184.0,87872093.0,0.0,-4589.0,67789.0,71565.0,813.0,994851.0,0.0,-72325.0,497118.0,562974.0,6469.0,7889699.0,0.0
2020-10-12,838876.0,7173565,6224795.0,109894.0,88945107.0,0.0,-24813.0,54262.0,78365.0,710.0,1073014.0,0.0,-80525.0,491250.0,565482.0,6293.0,7873310.0,0.0
2020-10-13,827787.0,7237282,6298874.0,110621.0,90090122.0,0.0,-11089.0,63717.0,74079.0,727.0,1145015.0,0.0,-80548.0,483098.0,557616.0,6030.0,7818468.0,0.0
2020-10-14,813326.0,7305093,6380456.0,111311.0,91226305.0,0.0,-14461.0,67811.0,81582.0,690.0,1136183.0,0.0,-89645.0,472100.0,555988.0,5757.0,7760330.0,0.0
2020-10-15,805093.0,7368534,6451248.0,112193.0,92254927.0,0.0,-8233.0,63441.0,70792.0,882.0,1028622.0,0.0,-88964.0,464743.0,548035.0,5672.0,7620247.0,0.0
2020-10-16,795989.0,7430838,6521816.0,113033.0,93254017.0,0.0,-9104.0,62304.0,70568.0,840.0,999090.0,0.0,-87816.0,453742.0,535975.0,5583.0,7455319.0,0.0
2020-10-17,784267.0,7492731,6594399.0,114065.0,94224190.0,0.0,-11722.0,61893.0,72583.0,1032.0,970173.0,0.0,-84011.0,441217.0,519534.0,5694.0,7346948.0,0.0
2020-10-18,773786.0,7549250,6660817.0,114647.0,95083976.0,0.0,-10481.0,56519.0,66418.0,582.0,859786.0,0.0,-89903.0,429947.0,514387.0,5463.0,7211883.0,0.0
2020-10-19,748903.0,7594756,6730617.0,115236.0,96116771.0,0.0,-24883.0,45506.0,69800.0,589.0,1032795.0,0.0,-89973.0,421191.0,505822.0,5342.0,7171664.0,0.0
2020-10-20,740709.0,7649104,6792445.0,115950.0,97200379.0,0.0,-8194.0,54348.0,61828.0,714.0,1083608.0,0.0,-87078.0,411822.0,493571.0,5329.0,7110257.0,0.0
2020-10-21,716711.0,7705368,6872006.0,116651.0,98670363.0,0.0,-23998.0,56264.0,79561.0,701.0,1469984.0,0.0,-96615.0,400275.0,491550.0,5340.0,7444058.0,0.0
2020-10-22,695827.0,7759739,6946575.0,117337.0,100113085.0,0.0,-20884.0,54371.0,74569.0,686.0,1442722.0,0.0,-109266.0,391205.0,495327.0,5144.0,7858158.0,0.0
2020-10-23,682109.0,7813670,7013569.0,117992.0,101382564.0,0.0,-13718.0,53931.0,66994.0,655.0,1269479.0,0.0,-113880.0,382832.0,491753.0,4959.0,8128547.0,0.0
2020-10-24,669627.0,7864036,7075839.0,118570.0,102523469.0,0.0,-12482.0,50366.0,62270.0,578.0,1140905.0,0.0,-114640.0,371305.0,481440.0,4505.0,8299279.0,0.0
2020-10-25,655762.0,7909958,7135143.0,119053.0,103462778.0,0.0,-13865.0,45922.0,59304.0,483.0,939309.0,0.0,-118024.0,360708.0,474326.0,4406.0,8378802.0,0.0
2020-10-26,627502.0,7946062,7199016.0,119544.0,104420894.0,0.0,-28260.0,36104.0,63873.0,491.0,958116.0,0.0,-121401.0,351306.0,468399.0,4308.0,8304123.0,0.0
2020-10-27,611598.0,7989098,7257445.0,120055.0,105487680.0,0.0,-15904.0,43036.0,58429.0,511.0,1066786.0,0.0,-129111.0,339994.0,465000.0,4105.0,8287301.0,0.0
2020-10-28,604677.0,8039286,7314039.0,120570.0,106563440.0,0.0,-6921.0,50188.0,56594.0,515.0,1075760.0,0.0,-112034.0,333918.0,442033.0,3919.0,7893077.0,0.0
2020-10-29,595013.0,8088051,7371906.0,121132.0,107728088.0,0.0,-9664.0,48765.0,57867.0,562.0,1164648.0,0.0,-100814.0,328312.0,425331.0,3795.0,7615003.0,0.0
2020-10-30,583575.0,8136168,7430911.0,121682.0,108796064.0,0.0,-11438.0,48117.0,59005.0,550.0,1067976.0,0.0,-98534.0,322498.0,417342.0,3690.0,7413500.0,0.0
2020-10-31,571652.0,8183396,7489593.0,122151.0,109887303.0,0.0,-11923.0,47228.0,58682.0,469.0,1091239.0,0.0,-97975.0,319360.0,413754.0,3581.0,7363834.0,0.0
2020-11-01,563777.0,8229324,7542905.0,122642.0,110743103.0,0.0,-7875.0,45928.0,53312.0,491.0,855800.0,0.0,-91985.0,319366.0,407762.0,3589.0,7280325.0,0.0
2020-11-02,542347.0,8266916,7601429.0,123140.0,111789350.0,0.0,-21430.0,37592.0,58524.0,498.0,1046247.0,0.0,-85155.0,320854.0,402413.0,3596.0,7368456.0,0.0
2020-11-03,534536.0,8312943,7654757.0,123650.0,112998959.0,0.0,-7811.0,46027.0,53328.0,510.0,1209609.0,0.0,-77062.0,323845.0,397312.0,3595.0,7511279.0,0.0
2020-11-04,528421.0,8363408,7710630.0,124357.0,114208384.0,0.0,-6115.0,50465.0,55873.0,707.0,1209425.0,0.0,-76256.0,324122.0,396591.0,3787.0,7644944.0,0.0
2020-11-05,521244.0,8411036,7764763.0,125029.0,115429095.0,0.0,-7177.0,47628.0,54133.0,672.0,1220711.0,0.0,-73769.0,322985.0,392857.0,3897.0,7701007.0,0.0
2020-11-06,517034.0,8461395,7818755.0,125606.0,116542304.0,0.0,-4210.0,50359.0,53992.0,577.0,1113209.0,0.0,-66541.0,325227.0,387844.0,3924.0,7746240.0,0.0
2020-11-07,513752.0,8507206,7867291.0,126163.0,117736791.0,0.0,-3282.0,45811.0,48536.0,557.0,1194487.0,0.0,-57900.0,323810.0,377698.0,4012.0,7849488.0,0.0
2020-11-08,511504.0,8553913,7915756.0,126653.0,118572192.0,0.0,-2248.0,46707.0,48465.0,490.0,835401.0,0.0,-52273.0,324589.0,372851.0,4011.0,7829089.0,0.0
2020-11-09,506724.0,8591032,7957205.0,127103.0,119615857.0,0.0,-4780.0,37119.0,41449.0,450.0,1043665.0,0.0,-35623.0,324116.0,355776.0,3963.0,7826507.0,0.0
2020-11-10,496298.0,8635756,8011844.0,127614.0,120769151.0,0.0,-10426.0,44724.0,54639.0,511.0,1153294.0,0.0,-38238.0,322813.0,357087.0,3964.0,7770192.0,0.0
2020-11-11,491329.0,8684041,8064548.0,128164.0,121962509.0,0.0,-4969.0,48285.0,52704.0,550.0,1193358.0,0.0,-37092.0,320633.0,353918.0,3807.0,7754125.0,0.0
2020-11-12,486015.0,8728625,8113902.0,128708.0,123101739.0,0.0,-5314.0,44584.0,49354.0,544.0,1139230.0,0.0,-35229.0,317589.0,349139.0,3679.0,7672644.0,0.0
2020-11-13,482498.0,8773245,8161522.0,129225.0,124031230.0,0.0,-3517.0,44620.0,47620.0,517.0,929491.0,0.0,-34536.0,311850.0,342767.0,3619.0,7488926.0,0.0
2020-11-14,481423.0,8814937,8203839.0,129675.0,124836819.0,0.0,-1075.0,41692.0,42317.0,450.0,805589.0,0.0,-32329.0,307731.0,336548.0,3512.0,7100028.0,0.0
2020-11-15,467559.0,8845618,8247950.0,130109.0,125698525.0,0.0,-13864.0,30681.0,44111.0,434.0,861706.0,0.0,-43945.0,291705.0,332194.0,3456.0,7126333.0,0.0
2020-11-16,455325.0,8874227,8288342.0,130560.0,126542907.0,0.0,-12234.0,28609.0,40392.0,451.0,844382.0,0.0,-51399.0,283195.0,331137.0,3457.0,6927050.0,0.0
2020-11-17,448648.0,8912775,8333095.0,131032.0,127480186.0,0.0,-6677.0,38548.0,44753.0,472.0,937279.0,0.0,-47650.0,277019.0,321251.0,3418.0,6711035.0,0.0
2020-11-18,444753.0,8958141,8381770.0,131618.0,128508389.0,0.0,-3895.0,45366.0,48675.0,586.0,1028203.0,0.0,-46576.0,274100.0,317222.0,3454.0,6545880.0,0.0
2020-11-19,445110.0,9004326,8427016.0,132200.0,129591786.0,0.0,357.0,46185.0,45246.0,582.0,1083397.0,0.0,-40905.0,275701.0,313114.0,3492.0,6490047.0,0.0
2020-11-20,441861.0,9050609,8475984.0,132764.0,130657808.0,0.0,-3249.0,46283.0,48968.0,564.0,1066022.0,0.0,-40637.0,277364.0,314462.0,3539.0,6626578.0,0.0
2020-11-21,442608.0,9095910,8520039.0,133263.0,131733134.0,0.0,747.0,45301.0,44055.0,499.0,1075326.0,0.0,-38815.0,280973.0,316200.0,3588.0,6896315.0,0.0
2020-11-22,445097.0,9140314,8561444.0,133773.0,132582730.0,0.0,2489.0,44404.0,41405.0,510.0,849596.0,0.0,-22462.0,294696.0,313494.0,3664.0,6884205.0,0.0
2020-11-23,439862.0,9177755,8603639.0,134254.0,133682275.0,0.0,-5235.0,37441.0,42195.0,481.0,1099545.0,0.0,-15463.0,303528.0,315297.0,3694.0,7139368.0,0.0
2020-11-24,445853.0,9222000,8641404.0,134743.0,134841307.0,0.0,5991.0,44245.0,37765.0,489.0,1159032.0,0.0,-2795.0,309225.0,308309.0,3711.0,7361121.0,0.0
2020-11-25,453452.0,9266699,8677986.0,135261.0,135931545.0,0.0,7599.0,44699.0,36582.0,518.0,1090238.0,0.0,8699.0,308558.0,296216.0,3643.0,7423156.0,0.0
2020-11-26,456412.0,9309873,8717709.0,135752.0,137062749.0,0.0,2960.0,43174.0,39723.0,491.0,1131204.0,0.0,11302.0,305547.0,290693.0,3552.0,7470963.0,0.0
2020-11-27,456102.0,9351226,8758886.0,136238.0,138220354.0,0.0,-310.0,41353.0,41177.0,486.0,1157605.0,0.0,14241.0,300617.0,282902.0,3474.0,7562546.0,0.0
2020-11-28,455147.0,9393041,8801161.0,136733.0,139503803.0,0.0,-955.0,41815.0,42275.0,495.0,1283449.0,0.0,12539.0,297131.0,281122.0,3470.0,7770669.0,0.0
2020-11-29,448587.0,9432077,8846313.0,137177.0,140379976.0,0.0,-6560.0,39036.0,45152.0,444.0,876173.0,0.0,3490.0,291763.0,284869.0,3404.0,7797246.0,0.0
2020-11-30,437002.0,9463256,8888595.0,137659.0,141349301.0,0.0,-11585.0,31179.0,42282.0,482.0,969325.0,0.0,-2860.0,285501.0,284956.0,3405.0,7667026.0,0.0
2020-12-01,429767.0,9499730,8931803.0,138160.0,142445952.0,0.0,-7235.0,36474.0,43208.0,501.0,1096651.0,0.0,-16086.0,277730.0,290399.0,3417.0,7604645.0,0.0
2020-12-02,423839.0,9535236,8972711.0,138686.0,143557650.0,0.0,-5928.0,35506.0,40908.0,526.0,1111698.0,0.0,-29613.0,268537.0,294725.0,3425.0,7626105.0,0.0
2020-12-03,416881.0,9571810,9015702.0,139227.0,144727749.0,0.0,-6958.0,36574.0,42991.0,541.0,1170099.0,0.0,-39531.0,261937.0,297993.0,3475.0,7665000.0,0.0
2020-12-04,410722.0,9608521,9058061.0,139738.0,145885512.0,0.0,-6159.0,36711.0,42359.0,511.0,1157763.0,0.0,-45380.0,257295.0,299175.0,3500.0,7665158.0,0.0
2020-12-05,404365.0,9644531,9099946.0,140220.0,146986575.0,0.0,-6357.0,36010.0,41885.0,482.0,1101063.0,0.0,-50782.0,251490.0,298785.0,3487.0,7482772.0,0.0
2020-12-06,398075.0,9677709,9139024.0,140610.0,147787656.0,0.0,-6290.0,33178.0,39078.0,390.0,801081.0,0.0,-50512.0,245632.0,292711.0,3433.0,7407680.0,0.0
2020-12-07,384623.0,9703936,9178317.0,140996.0,148814055.0,0.0,-13452.0,26227.0,39293.0,386.0,1026399.0,0.0,-52379.0,240680.0,289722.0,3337.0,7464754.0,0.0
2020-12-08,379721.0,9736019,9214900.0,141398.0,149836767.0,0.0,-4902.0,32083.0,36583.0,402.0,1022712.0,0.0,-50046.0,236289.0,283097.0,3238.0,7390815.0,0.0
2020-12-09,373252.0,9767656,9252593.0,141811.0,150759726.0,0.0,-6469.0,31637.0,37693.0,413.0,922959.0,0.0,-50587.0,232420.0,279882.0,3125.0,7202076.0,0.0
2020-12-10,364545.0,9797067,9290300.0,142222.0,151632223.0,0.0,-8707.0,29411.0,37707.0,411.0,872497.0,0.0,-52336.0,225257.0,274598.0,2995.0,6904474.0,0.0
2020-12-11,360572.0,9827028,9323792.0,142664.0,152697399.0,0.0,-3973.0,29961.0,33492.0,442.0,1065176.0,0.0,-50150.0,218507.0,265731.0,2926.0,6811887.0,0.0
2020-12-12,357448.0,9857382,9356879.0,143055.0,153711833.0,0.0,-3124.0,30354.0,33087.0,391.0,1014434.0,0.0,-46917.0,212851.0,256933.0,2835.0,6725258.0,0.0
2020-12-13,353806.0,9884718,9387519.0,143393.0,154566990.0,0.0,-3642.0,27336.0,30640.0,338.0,855157.0,0.0,-44269.0,207009.0,248495.0,2783.0,6779334.0,0.0
2020-12-14,340972.0,9906659,9421940.0,143747.0,155560655.0,0.0,-12834.0,21941.0,34421.0,354.0,993665.0,0.0,-43651.0,202723.0,243623.0,2751.0,6746600.0,0.0
2020-12-15,332986.0,9932910,9455793.0,144131.0,156646280.0,0.0,-7986.0,26251.0,33853.0,384.0,1085625.0,0.0,-46735.0,196891.0,240893.0,2733.0,6809513.0,0.0
2020-12-16,317442.0,9951082,9489153.0,144487.0,157805240.0,0.0,-15544.0,18172.0,33360.0,356.0,1158960.0,0.0,-55810.0,183426.0,236560.0,2676.0,7045514.0,0.0
2020-12-17,312963.0,9977836,9520044.0,144829.0,158918646.0,0.0,-4479.0,26754.0,30891.0,342.0,1113406.0,0.0,-51582.0,180769.0,229744.0,2607.0,7286423.0,0.0
2020-12-18,309733.0,10004827,9549923.0,145171.0,160090514.0,0.0,-3230.0,26991.0,29879.0,342.0,1171868.0,0.0,-50839.0,177799.0,226131.0,2507.0,7393115.0,0.0
2020-12-19,306467.0,10031661,9579681.0,145513.0,161198195.0,0.0,-3266.0,26834.0,29758.0,342.0,1107681.0,0.0,-50981.0,174279.0,222802.0,2458.0,7486362.0,0.0
2020-12-20,305023.0,10056283,9605415.0,145845.0,162098329.0,0.0,-1444.0,24622.0,25734.0,332.0,900134.0,0.0,-48783.0,171565.0,217896.0,2452.0,7531339.0,0.0
2020-12-21,293618.0,10075430,9635665.0,146147.0,163170557.0,0.0,-11405.0,19147.0,30250.0,302.0,1072228.0,0.0,-47354.0,168771.0,213725.0,2400.0,7609902.0,0.0
2020-12-22,290137.0,10099310,9662697.0,146476.0,164268721.0,0.0,-3481.0,23880.0,27032.0,329.0,1098164.0,0.0,-42849.0,166400.0,206904.0,2345.0,7622441.0,0.0
2020-12-23,284592.0,10124026,9692643.0,146791.0,165308366.0,0.0,-5545.0,24716.0,29946.0,315.0,1039645.0,0.0,-32850.0,172944.0,203490.0,2304.0,7503126.0,0.0
2020-12-24,283144.0,10147470,9717198.0,147128.0,166305762.0,0.0,-1448.0,23444.0,24555.0,337.0,997396.0,0.0,-29819.0,169634.0,197154.0,2299.0,7387116.0,0.0
2020-12-25,283058.0,10169819,9739382.0,147379.0,167159289.0,0.0,-86.0,22349.0,22184.0,251.0,853527.0,0.0,-26675.0,164992.0,189459.0,2208.0,7068775.0,0.0
2020-12-26,279887.0,10188394,9760848.0,147659.0,168102657.0,0.0,-3171.0,18575.0,21466.0,280.0,943368.0,0.0,-26580.0,156733.0,181167.0,2146.0,6904462.0,0.0
2020-12-27,278842.0,10208727,9781945.0,147940.0,168818054.0,0.0,-1045.0,20333.0,21097.0,281.0,715397.0,0.0,-26181.0,152444.0,176530.0,2095.0,6719725.0,0.0
2020-12-28,269842.0,10224799,9806767.0,148190.0,169801749.0,0.0,-9000.0,16072.0,24822.0,250.0,983695.0,0.0,-23776.0,149369.0,171102.0,2043.0,6631192.0,0.0
2020-12-29,263510.0,10245341,9833356.0,148475.0,170922030.0,0.0,-6332.0,20542.0,26589.0,285.0,1120281.0,0.0,-26627.0,146031.0,170659.0,1999.0,6653309.0,0.0
2020-12-30,258749.0,10267286,9859763.0,148774.0,172049274.0,0.0,-4761.0,21945.0,26407.0,299.0,1127244.0,0.0,-25843.0,143260.0,167120.0,1983.0,6740908.0,0.0
2020-12-31,255562.0,10286312,9881732.0,149018.0,173111694.0,0.0,-3187.0,19026.0,21969.0,244.0,1062420.0,0.0,-27582.0,138842.0,164534.0,1890.0,6805932.0,0.0
2021-01-01,251646.0,10306471,9905570.0,149255.0,173941658.0,0.0,-3916.0,20159.0,23838.0,237.0,829964.0,0.0,-31412.0,136652.0,166188.0,1876.0,6782369.0,0.0
2021-01-02,248671.0,10324615,9926473.0,149471.0,174899783.0,0.0,-2975.0,18144.0,20903.0,216.0,958125.0,0.0,-31216.0,136221.0,165625.0,1812.0,6797126.0,0.0
2021-01-03,245476.0,10341293,9946131.0,149686.0,175635761.0,0.0,-3195.0,16678.0,19658.0,215.0,735978.0,0.0,-33366.0,132566.0,164186.0,1746.0,6817707.0,0.0
2021-01-04,232345.0,10357571,9975340.0,149886.0,176531997.0,0.0,-13131.0,16278.0,29209.0,200.0,896236.0,0.0,-37497.0,132772.0,168573.0,1696.0,6730248.0,0.0
2021-01-05,228828.0,10375480,9996501.0,150151.0,177463405.0,0.0,-3517.0,17909.0,21161.0,265.0,931408.0,0.0,-34682.0,130139.0,163145.0,1676.0,6541375.0,0.0
2021-01-06,229389.0,10395952,10016190.0,150373.0,178400995.0,0.0,561.0,20472.0,19689.0,222.0,937590.0,0.0,-29360.0,128666.0,156427.0,1599.0,6351721.0,0.0
2021-01-07,226776.0,10414075,10036693.0,150606.0,179336364.0,0.0,-2613.0,18123.0,20503.0,233.0,935369.0,0.0,-28786.0,127763.0,154961.0,1588.0,6224670.0,0.0
2021-01-08,225758.0,10432528,10055935.0,150835.0,180253315.0,0.0,-1018.0,18453.0,19242.0,229.0,916951.0,0.0,-25888.0,126057.0,150365.0,1580.0,6311657.0,0.0
2021-01-09,224905.0,10451348,10075395.0,151048.0,181096622.0,0.0,-853.0,18820.0,19460.0,213.0,843307.0,0.0,-23766.0,126733.0,148922.0,1577.0,6196839.0,0.0
2021-01-10,224104.0,10467434,10092132.0,151198.0,181755831.0,0.0,-801.0,16086.0,16737.0,150.0,659209.0,0.0,-21372.0,126141.0,146001.0,1512.0,6120070.0,0.0
2021-01-11,217841.0,10479915,10110710.0,151364.0,182652887.0,0.0,-6263.0,12481.0,18578.0,166.0,897056.0,0.0,-14504.0,122344.0,135370.0,1478.0,6120890.0,0.0
2021-01-12,215782.0,10495818,10128472.0,151564.0,183489114.0,0.0,-2059.0,15903.0,17762.0,200.0,836227.0,0.0,-13046.0,120338.0,131971.0,1413.0,6025709.0,0.0
2021-01-13,214799.0,10512833,10146269.0,151765.0,184232305.0,0.0,-983.0,17015.0,17797.0,201.0,743191.0,0.0,-14590.0,116881.0,130079.0,1392.0,5831310.0,0.0
2021-01-14,214344.0,10528510,10162212.0,151954.0,184962401.0,0.0,-455.0,15677.0,15943.0,189.0,730096.0,0.0,-12432.0,114435.0,125519.0,1348.0,5626037.0,0.0
2021-01-15,212514.0,10543665,10179021.0,152130.0,185765491.0,0.0,-1830.0,15155.0,16809.0,176.0,803090.0,0.0,-13244.0,111137.0,123086.0,1295.0,5512176.0,0.0
2021-01-16,210181.0,10558715,10196223.0,152311.0,186544868.0,191181.0,-2333.0,15050.0,17202.0,181.0,779377.0,191181.0,-14724.0,107367.0,120828.0,1263.0,5448246.0,191181.0
2021-01-17,209485.0,10572677,10210736.0,152456.0,187093036.0,224301.0,-696.0,13962.0,14513.0,145.0,548168.0,33120.0,-14619.0,105243.0,118604.0,1258.0,5337205.0,224301.0
2021-01-18,202208.0,10582664,10227863.0,152593.0,187802827.0,454049.0,-7277.0,9987.0,17127.0,137.0,709791.0,229748.0,-15633.0,102749.0,117153.0,1229.0,5149940.0,454049.0
2021-01-19,198604.0,10596451,10245092.0,152755.0,188566947.0,630417.0,-3604.0,13787.0,17229.0,162.0,764120.0,176368.0,-17178.0,100633.0,116620.0,1191.0,5077833.0,630417.0
2021-01-20,193660.0,10611730,10265163.0,152907.0,189347782.0,806484.0,-4944.0,15279.0,20071.0,152.0,780835.0,176067.0,-21139.0,98897.0,118894.0,1142.0,5115477.0,806484.0
2021-01-21,190260.0,10626225,10282897.0,153068.0,190148024.0,1043534.0,-3400.0,14495.0,17734.0,161.0,800242.0,237050.0,-24084.0,97715.0,120685.0,1114.0,5185623.0,1043534.0
2021-01-22,187264.0,10640548,10300063.0,153221.0,190985119.0,1390592.0,-2996.0,14323.0,17166.0,153.0,837095.0,347058.0,-25250.0,96883.0,121042.0,1091.0,5219628.0,1390592.0
2021-01-23,185971.0,10655444,10316096.0,153377.0,191766871.0,1582201.0,-1293.0,14896.0,16033.0,156.0,781752.0,191609.0,-24210.0,96729.0,119873.0,1066.0,5222003.0,1391020.0
2021-01-24,185924.0,10668676,10329244.0,153508.0,192337117.0,1615504.0,-47.0,13232.0,13148.0,131.0,570246.0,33303.0,-23561.0,95999.0,118508.0,1052.0,5244081.0,1391203.0
2021-01-25,178814.0,10677774,10345336.0,153624.0,193062694.0,2023809.0,-7110.0,9098.0,16092.0,116.0,725577.0,408305.0,-23394.0,95110.0,117473.0,1031.0,5259867.0,1569760.0
2021-01-26,178159.0,10690507,10358586.0,153762.0,193613120.0,2029480.0,-655.0,12733.0,13250.0,138.0,550426.0,5671.0,-20445.0,94056.0,113494.0,1007.0,5046173.0,1399063.0
2021-01-27,175331.0,10702063,10372847.0,153885.0,194338773.0,2355979.0,-2828.0,11556.0,14261.0,123.0,725653.0,326499.0,-18329.0,90333.0,107684.0,978.0,4990991.0,1549495.0
2021-01-28,173766.0,10720975,10393162.0,154047.0,195081079.0,2928053.0,-1565.0,18912.0,20315.0,162.0,742306.0,572074.0,-16494.0,94750.0,110265.0,979.0,4933055.0,1884519.0
2021-01-29,171797.0,10734029,10408048.0,154184.0,195837408.0,3500027.0,-1969.0,13054.0,14886.0,137.0,756329.0,571974.0,-15467.0,93481.0,107985.0,963.0,4852289.0,2109435.0
2021-01-30,170665.0,10747102,10422125.0,154312.0,196588372.0,3744334.0,-1132.0,13073.0,14077.0,128.0,750964.0,244307.0,-15306.0,91658.0,106029.0,935.0,4821501.0,2162133.0
2021-01-31,170194.0,10758629,10434007.0,154428.0,197092635.0,3758843.0,-471.0,11527.0,11882.0,116.0,504263.0,14509.0,-15730.0,89953.0,104763.0,920.0,4755518.0,2143339.0
2021-02-01,165236.0,10767208,10447450.0,154522.0,197752057.0,3950156.0,-4958.0,8579.0,13443.0,94.0,659422.0,191313.0,-13578.0,89434.0,102114.0,898.0,4689363.0,1926347.0
2021-02-02,161874.0,10778209,10461700.0,154635.0,198473178.0,4138918.0,-3362.0,11001.0,14250.0,113.0,721121.0,188762.0,-16285.0,87702.0,103114.0,873.0,4860058.0,2109438.0
2021-02-03,156879.0,10791134,10479513.0,154742.0,199216019.0,4449552.0,-4995.0,12925.0,17813.0,107.0,742841.0,310634.0,-18452.0,89071.0,106666.0,857.0,4877246.0,2093573.0
2021-02-04,153372.0,10803535,10495301.0,154862.0,199931795.0,4959445.0,-3507.0,12401.0,15788.0,120.0,715776.0,509893.0,-20394.0,82560.0,102139.0,815.0,4850716.0,2031392.0
2021-02-05,150476.0,10815246,10509813.0,154957.0,200672589.0,5416849.0,-2896.0,11711.0,14512.0,95.0,740794.0,457404.0,-21321.0,81217.0,101765.0,773.0,4835181.0,1916822.0
2021-02-06,150709.0,10827315,10521574.0,155032.0,201368378.0,5775322.0,233.0,12069.0,11761.0,75.0,695789.0,358473.0,-19956.0,80213.0,99449.0,720.0,4780006.0,2030988.0
2021-02-07,150653.0,10839101,10533330.0,155118.0,201900614.0,5812362.0,-56.0,11786.0,11756.0,86.0,532236.0,37040.0,-19541.0,80472.0,99323.0,690.0,4807979.0,2053519.0
2021-02-08,145690.0,10847816,10546930.0,155196.0,202587752.0,6259008.0,-4963.0,8715.0,13600.0,78.0,687138.0,446646.0,-19546.0,80608.0,99480.0,674.0,4835695.0,2308852.0
2021-02-09,143399.0,10858547,10559858.0,155290.0,203324655.0,6611561.0,-2291.0,10731.0,12928.0,94.0,736903.0,352553.0,-18475.0,80338.0,98158.0,655.0,4851477.0,2472643.0
2021-02-10,144032.0,10871086,10571654.0,155400.0,204023840.0,7017114.0,633.0,12539.0,11796.0,110.0,699185.0,405553.0,-12847.0,79952.0,92141.0,658.0,4807821.0,2567562.0
2021-02-11,137578.0,10880439,10587376.0,155485.0,204789784.0,7505010.0,-6454.0,9353.0,15722.0,85.0,765944.0,487896.0,-15794.0,76904.0,92075.0,623.0,4857989.0,2545565.0
2021-02-12,138253.0,10892576,10598734.0,155589.0,205533398.0,7967647.0,675.0,12137.0,11358.0,104.0,743614.0,462637.0,-12223.0,77330.0,88921.0,632.0,4860809.0,2550798.0
2021-02-13,139255.0,10904774,10609841.0,155678.0,206230512.0,8263858.0,1002.0,12198.0,11107.0,89.0,697114.0,296211.0,-11454.0,77459.0,88267.0,646.0,4862134.0,2488536.0
2021-02-14,141370.0,10916480,10619341.0,155769.0,206716634.0,8285295.0,2115.0,11706.0,9500.0,91.0,486122.0,21437.0,-9283.0,77379.0,86011.0,651.0,4816020.0,2472933.0
2021-02-15,138581.0,10925566,10631134.0,155851.0,207332298.0,8720822.0,-2789.0,9086.0,11793.0,82.0,615664.0,435527.0,-7109.0,77750.0,84204.0,655.0,4744546.0,2461814.0
2021-02-16,138238.0,10937158,10642970.0,155950.0,207977229.0,8999230.0,-343.0,11592.0,11836.0,99.0,644931.0,278408.0,-5161.0,78611.0,83112.0,660.0,4652574.0,2387669.0
2021-02-17,138972.0,10950020,10654998.0,156050.0,208703791.0,9422228.0,734.0,12862.0,12028.0,100.0,726562.0,422998.0,-5060.0,78934.0,83344.0,650.0,4679951.0,2405114.0
2021-02-18,141197.0,10963258,10665911.0,156150.0,209474862.0,10188007.0,2225.0,13238.0,10913.0,100.0,771071.0,765779.0,3619.0,82819.0,78535.0,665.0,4685078.0,2682997.0
2021-02-19,144798.0,10977174,10676126.0,156250.0,210261480.0,10715204.0,3601.0,13916.0,10215.0,100.0,786618.0,527197.0,6545.0,84598.0,77392.0,661.0,4728082.0,2747557.0
2021-02-20,147215.0,10991093,10687539.0,156339.0,210931530.0,11085173.0,2417.0,13919.0,11413.0,89.0,670050.0,369969.0,7960.0,86319.0,77698.0,661.0,4701018.0,2821315.0
2021-02-21,151695.0,11005371,10697254.0,156422.0,211551746.0,11116854.0,4480.0,14278.0,9715.0,83.0,620216.0,31681.0,10325.0,88891.0,77913.0,653.0,4835112.0,2831559.0
2021-02-22,148880.0,11015865,10710487.0,156498.0,212230431.0,11745552.0,-2815.0,10494.0,13233.0,76.0,678685.0,628698.0,10299.0,90299.0,79353.0,647.0,4898133.0,3024730.0
2021-02-23,148490.0,11029547,10724456.0,156601.0,213036275.0,12165598.0,-390.0,13682.0,13969.0,103.0,805844.0,420046.0,10252.0,92389.0,81486.0,651.0,5059046.0,3166368.0
2021-02-24,153179.0,11046477,10736556.0,156742.0,213829658.0,12671163.0,4689.0,16930.0,12100.0,141.0,793383.0,505565.0,14207.0,96457.0,81558.0,692.0,5125867.0,3248935.0
2021-02-25,157437.0,11063076,10748778.0,156861.0,214661465.0,13472643.0,4258.0,16599.0,12222.0,119.0,831807.0,801480.0,16240.0,99818.0,82867.0,711.0,5186603.0,3284636.0
2021-02-26,161095.0,11079638,10761568.0,156975.0,215435383.0,14242547.0,3658.0,16562.0,12790.0,114.0,773918.0,769904.0,16297.0,102464.0,85442.0,725.0,5173903.0,3527343.0
2021-02-27,166080.0,11096443,10773277.0,157086.0,216231106.0,14301266.0,4985.0,16805.0,11709.0,111.0,795723.0,58719.0,18865.0,105350.0,85738.0,747.0,5299576.0,3216093.0
2021-02-28,170295.0,11112057,10784568.0,157194.0,216858774.0,14301266.0,4215.0,15614.0,11291.0,108.0,627668.0,0.0,18600.0,106686.0,87314.0,772.0,5307028.0,3184412.0
2021-03-01,170001.0,11124327,10797040.0,157286.0,217618057.0,14854136.0,-294.0,12270.0,12472.0,92.0,759283.0,552870.0,21121.0,108462.0,86553.0,788.0,5387626.0,3108584.0
2021-03-02,171788.0,11139325,10810153.0,157384.0,218403277.0,15620749.0,1787.0,14998.0,13113.0,98.0,785220.0,766613.0,23298.0,109778.0,85697.0,783.0,5367002.0,3455151.0
2021-03-03,175055.0,11156750,10824224.0,157471.0,219178908.0,16616048.0,3267.0,17425.0,14071.0,87.0,775631.0,995299.0,21876.0,110273.0,87668.0,729.0,5349250.0,3944885.0
2021-03-04,177978.0,11173574,10838012.0,157584.0,219940742.0,18005503.0,2923.0,16824.0,13788.0,113.0,761834.0,1389455.0,20541.0,110498.0,89234.0,723.0,5279277.0,4532860.0
2021-03-05,182007.0,11191898,10852198.0,157693.0,220692677.0,19497704.0,4029.0,18324.0,14186.0,109.0,751935.0,1492201.0,20912.0,112260.0,90630.0,718.0,5257294.0,5255157.0
2021-03-06,186252.0,11210622,10866577.0,157793.0,221430507.0,20922344.0,4245.0,18724.0,14379.0,100.0,737830.0,1424640.0,20172.0,114179.0,93300.0,707.0,5199401.0,6621078.0
2021-03-07,190502.0,11229272,10880880.0,157890.0,221968271.0,20989010.0,4250.0,18650.0,14303.0,97.0,537764.0,66666.0,20207.0,117215.0,96312.0,696.0,5109497.0,6687744.0
2021-03-08,189173.0,11244625,10897486.0,157966.0,222716796.0,23008733.0,-1329.0,15353.0,16606.0,76.0,748525.0,2019723.0,19172.0,120298.0,100446.0,680.0,5098739.0,8154597.0
2021-03-09,186270.0,11262498,10918129.0,158099.0,223479877.0,24367906.0,-2903.0,17873.0,20643.0,133.0,763081.0,1359173.0,14482.0,123173.0,107976.0,715.0,5076600.0,8747157.0
2021-03-10,190842.0,11285349,10936283.0,158224.0,224258293.0,25685011.0,4572.0,22851.0,18154.0,125.0,778416.0,1317105.0,15787.0,128599.0,112059.0,753.0,5079385.0,9068963.0
2021-03-11,198929.0,11308647,10951375.0,158343.0,224998638.0,26164920.0,8087.0,23298.0,15092.0,119.0,740345.0,479909.0,20951.0,135073.0,113363.0,759.0,5057896.0,8159417.0
2021-03-12,203662.0,11333492,10971347.0,158483.0,225839273.0,28218457.0,4733.0,24845.0,19972.0,140.0,840635.0,2053537.0,21655.0,141594.0,119149.0,790.0,5146596.0,8720753.0
2021-03-13,212149.0,11358646,10987855.0,158642.0,226703641.0,29738409.0,8487.0,25154.0,16508.0,159.0,864368.0,1519952.0,25897.0,148024.0,121278.0,849.0,5273134.0,8816065.0
2021-03-14,220952.0,11385159,11005445.0,158762.0,227407413.0,29908038.0,8803.0,26513.0,17590.0,120.0,703772.0,169629.0,30450.0,155887.0,124565.0,872.0,5439142.0,8919028.0
2021-03-15,225073.0,11409596,11025631.0,158892.0,228280763.0,32947432.0,4121.0,24437.0,20186.0,130.0,873350.0,3039394.0,35900.0,164971.0,128145.0,926.0,5563967.0,9938699.0
2021-03-16,236009.0,11438465,11043377.0,159079.0,229249784.0,35064536.0,10936.0,28869.0,17746.0,187.0,969021.0,2117104.0,49739.0,175967.0,125248.0,980.0,5769907.0,10696630.0
2021-03-17,253883.0,11474303,11061170.0,159250.0,230313163.0,37143255.0,17874.0,35838.0,17793.0,171.0,1063379.0,2078719.0,63041.0,188954.0,124887.0,1026.0,6054870.0,11458244.0
2021-03-18,273058.0,11513990,11081526.0,159406.0,231370546.0,39339817.0,19175.0,39687.0,20356.0,156.0,1057383.0,2196562.0,74129.0,205343.0,130151.0,1063.0,6371908.0,13174897.0
2021-03-19,290153.0,11554896,11105149.0,159594.0,232431517.0,42063392.0,17095.0,40906.0,23623.0,188.0,1060971.0,2723575.0,86491.0,221404.0,133802.0,1111.0,6592244.0,13844935.0
2021-03-20,310801.0,11598711,11128120.0,159790.0,233565119.0,44603841.0,20648.0,43815.0,22971.0,196.0,1133602.0,2540449.0,98652.0,240065.0,140265.0,1148.0,6861478.0,14865432.0
2021-03-21,336392.0,11645720,11149325.0,160003.0,234445774.0,45065998.0,25591.0,47009.0,21205.0,213.0,880655.0,462157.0,115440.0,260561.0,143880.0,1241.0,7038361.0,15157960.0
2021-03-22,347052.0,11686356,11179104.0,160200.0,235413233.0,48494594.0,10660.0,40636.0,29779.0,197.0,967459.0,3428596.0,121979.0,276760.0,153473.0,1308.0,7132470.0,15547162.0
2021-03-23,370101.0,11733595,11203017.0,160477.0,236438861.0,50841286.0,23049.0,47239.0,23913.0,277.0,1025628.0,2346692.0,134092.0,295130.0,159640.0,1398.0,7189077.0,15776750.0
2021-03-24,396696.0,11787014,11229592.0,160726.0,237503882.0,53145709.0,26595.0,53419.0,26575.0,249.0,1065021.0,2304423.0,142813.0,312711.0,168422.0,1476.0,7190719.0,16002454.0
2021-03-25,422608.0,11846099,11262508.0,160983.0,238604638.0,55504440.0,25912.0,59085.0,32916.0,257.0,1100756.0,2358731.0,149550.0,332109.0,180982.0,1577.0,7234092.0,16164623.0
2021-03-26,454251.0,11908375,11292849.0,161275.0,239769553.0,58109773.0,31643.0,62276.0,30341.0,292.0,1164915.0,2605333.0,164098.0,353479.0,187700.0,1681.0,7338036.0,16046381.0
2021-03-27,487844.0,11971007,11321577.0,161586.0,240950842.0,60269782.0,33593.0,62632.0,28728.0,311.0,1181289.0,2160009.0,177043.0,372296.0,193457.0,1796.0,7385723.0,15665941.0
2021-03-28,523486.0,12039213,11353846.0,161881.0,241864161.0,60530435.0,35642.0,68206.0,32269.0,295.0,913319.0,260653.0,187094.0,393493.0,204521.0,1878.0,7418387.0,15464437.0
2021-03-29,542383.0,12095365,11390835.0,162147.0,242650025.0,61113354.0,18897.0,56152.0,36989.0,266.0,785864.0,582919.0,195331.0,409009.0,211731.0,1947.0,7236792.0,12618760.0
2021-03-30,554023.0,12148602,11432077.0,162502.0,243672940.0,63054353.0,11640.0,53237.0,41242.0,355.0,1022915.0,1940999.0,183922.0,415007.0,229060.0,2025.0,7234079.0,12213067.0
2021-03-31,585257.0,12220717,11472500.0,162960.0,244798621.0,65117896.0,31234.0,72115.0,40423.0,458.0,1125681.0,2063543.0,188561.0,433703.0,242908.0,2234.0,7294739.0,11972187.0
2021-04-01,615803.0,12302115,11522884.0,163428.0,245912587.0,68789138.0,30546.0,81398.0,50384.0,468.0,1113966.0,3671242.0,193195.0,456016.0,260376.0,2445.0,7307949.0,13284698.0
2021-04-02,659934.0,12391138,11567063.0,164141.0,246959192.0,73054295.0,44131.0,89023.0,44179.0,713.0,1046605.0,4265157.0,205683.0,482763.0,274214.0,2866.0,7189639.0,14944522.0
2021-04-03,692355.0,12484132,11627122.0,164655.0,248125908.0,75979651.0,32421.0,92994.0,60059.0,514.0,1166716.0,2925356.0,204511.0,513125.0,305545.0,3069.0,7175066.0,15709869.0
2021-04-04,742832.0,12587926,11679962.0,165132.0,249019657.0,79105163.0,50477.0,103794.0,52840.0,477.0,893749.0,3125512.0,219346.0,548713.0,326116.0,3251.0,7155496.0,18574728.0
2021-04-05,788849.0,12684489,11730062.0,165578.0,250231269.0,83110926.0,46017.0,96563.0,50100.0,446.0,1211612.0,4005763.0,246466.0,589124.0,339227.0,3431.0,7581244.0,21997572.0
2021-04-06,843817.0,12799801,11789776.0,166208.0,251439598.0,87077474.0,54968.0,115312.0,59714.0,630.0,1208329.0,3966548.0,289794.0,651199.0,357699.0,3706.0,7766658.0,24023121.0
2021-04-07,910272.0,12926077,11848913.0,166892.0,252677379.0,90198673.0,66455.0,126276.0,59137.0,684.0,1237781.0,3121199.0,325015.0,705360.0,376413.0,3932.0,7878758.0,25080777.0
2021-04-08,979519.0,13057955,11910742.0,167694.0,254041584.0,94334262.0,69247.0,131878.0,61829.0,802.0,1364205.0,4135589.0,363716.0,755840.0,387858.0,4266.0,8128997.0,25545124.0
2021-04-09,1046440.0,13202952,11988045.0,168467.0,255214803.0,98075160.0,66921.0,144997.0,77303.0,773.0,1173219.0,3740898.0,386506.0,811814.0,420982.0,4326.0,8255611.0,25020865.0
2021-04-10,1107839.0,13355517,12078373.0,169305.0,256626850.0,101595147.0,61399.0,152565.0,90328.0,838.0,1412047.0,3519987.0,415484.0,871385.0,451251.0,4650.0,8500942.0,25615496.0
2021-04-11,1201470.0,13525432,12153753.0,170209.0,257806986.0,104528565.0,93631.0,169915.0,75380.0,904.0,1180136.0,2933418.0,458638.0,937506.0,473791.0,5077.0,8787329.0,25423402.0
2021-04-12,1264698.0,13686286,12250499.0,171089.0,259207108.0,108533085.0,63228.0,160854.0,96746.0,880.0,1400122.0,4004520.0,475849.0,1001797.0,520437.0,5511.0,8975839.0,25422159.0
2021-04-13,1366707.0,13871592,12332770.0,172115.0,260618866.0,111179578.0,102009.0,185306.0,82271.0,1026.0,1411758.0,2646493.0,522890.0,1071791.0,542994.0,5907.0,9179268.0,24102104.0
2021-04-14,1471828.0,14071176,12426195.0,173153.0,262003415.0,114493238.0,105121.0,199584.0,93425.0,1038.0,1384549.0,3313660.0,561556.0,1145099.0,577282.0,6261.0,9326036.0,24294565.0
2021-04-15,1569583.0,14288014,12544094.0,174337.0,263476625.0,117223509.0,97755.0,216838.0,117899.0,1184.0,1473210.0,2730271.0,590064.0,1230059.0,633352.0,6643.0,9435041.0,22889247.0
2021-04-16,1679361.0,14522016,12666980.0,175675.0,264972022.0,119937641.0,109778.0,234002.0,122886.0,1338.0,1495397.0,2714132.0,632921.0,1319064.0,678935.0,7208.0,9757219.0,21862481.0
2021-04-17,1800549.0,14782911,12805189.0,177173.0,266538416.0,122622590.0,121188.0,260895.0,138209.0,1498.0,1566394.0,2684949.0,692710.0,1427394.0,726816.0,7868.0,9911566.0,21027443.0
2021-04-18,1930173.0,15057994,12949028.0,178793.0,267894549.0,123852566.0,129624.0,275083.0,143839.0,1620.0,1356133.0,1229976.0,728703.0,1532562.0,795275.0,8584.0,10087563.0,19324001.0
2021-04-19,2031064.0,15315011,13103397.0,180550.0,269414035.0,127129113.0,100891.0,257017.0,154369.0,1757.0,1519486.0,3276547.0,766366.0,1628725.0,852898.0,9461.0,10206927.0,18596028.0
2021-04-20,2156753.0,15609389,13270065.0,182571.0,271053392.0,130119310.0,125689.0,294378.0,166668.0,2021.0,1639357.0,2990197.0,790046.0,1737797.0,937295.0,10456.0,10434526.0,18939732.0
2021-04-21,2290970.0,15925141,13449499.0,184672.0,272705103.0,132330644.0,134217.0,315752.0,179434.0,2101.0,1651711.0,2211334.0,819142.0,1853965.0,1023304.0,11519.0,10701688.0,17837406.0
2021-04-22,2428927.0,16257672,13641816.0,186929.0,274445653.0,135478420.0,137957.0,332531.0,192317.0,2257.0,1740550.0,3147776.0,859344.0,1969658.0,1097722.0,12592.0,10969028.0,18254911.0
2021-04-23,2551058.0,16602968,13862361.0,189549.0,276199222.0,138379832.0,122131.0,345296.0,220545.0,2620.0,1753569.0,2901412.0,871697.0,2080952.0,1195381.0,13874.0,11227200.0,18442191.0
2021-04-24,2681484.0,16951964,14078170.0,192310.0,277918810.0,140916417.0,130426.0,348996.0,215809.0,2761.0,1719588.0,2536585.0,880935.0,2169053.0,1272981.0,15137.0,11380394.0,18293827.0
2021-04-25,2814708.0,17306622,14296796.0,195118.0,279321177.0,141911223.0,133224.0,354658.0,218626.0,2808.0,1402367.0,994806.0,884535.0,2248628.0,1347768.0,16325.0,11426628.0,18058657.0
2021-04-26,2882408.0,17626093,14545805.0,197880.0,280979877.0,145271186.0,67700.0,319471.0,249009.0,2762.0,1658700.0,3359963.0,851344.0,2311082.0,1442408.0,17330.0,11565842.0,18142073.0
2021-04-27,2979686.0,17989006,14808154.0,201166.0,282703789.0,147827367.0,97278.0,362913.0,262349.0,3286.0,1723912.0,2556181.0,822933.0,2379617.0,1538089.0,18595.0,11650397.0,17708057.0
2021-04-28,3081272.0,18368409,15082325.0,204812.0,284471979.0,150020648.0,101586.0,379403.0,274171.0,3646.0,1768190.0,2193281.0,790302.0,2443268.0,1632826.0,20140.0,11766876.0,17690004.0
2021-04-29,3172816.0,18755182,15374052.0,208314.0,286392086.0,152245179.0,91544.0,386773.0,291727.0,3502.0,1920107.0,2224531.0,743889.0,2497510.0,1732236.0,21385.0,11946433.0,16766759.0
2021-04-30,3272107.0,19157196,15673250.0,211839.0,288337385.0,154989635.0,99291.0,402014.0,299198.0,3525.0,1945299.0,2744456.0,721049.0,2554228.0,1810889.0,22290.0,12138163.0,16609803.0
2021-05-01,3352310.0,19549772,15981938.0,215524.0,290142339.0,156816031.0,80203.0,392576.0,308688.0,3685.0,1804954.0,1826396.0,670826.0,2597808.0,1903768.0,23214.0,12223529.0,15899614.0
2021-05-02,3418973.0,19919862,16281942.0,218947.0,291647037.0,157198207.0,66663.0,370090.0,300004.0,3423.0,1504698.0,382176.0,604265.0,2613240.0,1985146.0,23829.0,12325860.0,15286984.0
2021-05-03,3452393.0,20275631,16600852.0,222386.0,293310779.0,158932921.0,33420.0,355769.0,318910.0,3439.0,1663742.0,1734714.0,569985.0,2649538.0,2055047.0,24506.0,12330902.0,13661735.0
2021-05-04,3493756.0,20658478,16938550.0,226172.0,294852078.0,160494188.0,41363.0,382847.0,337698.0,3786.0,1541299.0,1561267.0,514070.0,2669472.0,2130396.0,25006.0,12148289.0,12666821.0
2021-05-05,3571683.0,21071102,17269268.0,230151.0,296775209.0,162513339.0,77927.0,412624.0,330718.0,3979.0,1923131.0,2019151.0,490411.0,2702693.0,2186943.0,25339.0,12303230.0,12492691.0
2021-05-06,3653691.0,21485382,17597617.0,234074.0,298601699.0,164973058.0,82008.0,414280.0,328349.0,3923.0,1826490.0,2459719.0,480875.0,2730200.0,2223565.0,25760.0,12209613.0,12727879.0
2021-05-07,3728684.0,21892283,17925292.0,238307.0,300410043.0,167346544.0,74993.0,406901.0,327675.0,4233.0,1808344.0,2373486.0,456577.0,2735087.0,2252042.0,26468.0,12072658.0,12356909.0
2021-05-08,3742005.0,22296091,18311687.0,242399.0,302275471.0,169439663.0,13321.0,403808.0,386395.0,4092.0,1865428.0,2093119.0,389695.0,2746319.0,2329749.0,26875.0,12133132.0,12623632.0
2021-05-09,3750934.0,22662546,18665464.0,246148.0,303750077.0,170176603.0,8929.0,366455.0,353777.0,3749.0,1474606.0,736940.0,331961.0,2742684.0,2383522.0,27201.0,12103040.0,12978396.0
2021-05-10,3720616.0,22992037,19021394.0,250027.0,305600187.0,172710066.0,-30318.0,329491.0,355930.0,3879.0,1850110.0,2533463.0,268223.0,2716406.0,2420542.0,27641.0,12289408.0,13777145.0
2021-05-11,3709575.0,23340592,19376792.0,254225.0,307583991.0,175235991.0,-11041.0,348555.0,355398.0,4198.0,1983804.0,2525925.0,215819.0,2682114.0,2438242.0,28053.0,12731913.0,14741803.0
2021-05-12,3716074.0,23703224,19728797.0,258353.0,309448585.0,177214256.0,6499.0,362632.0,352005.0,4128.0,1864594.0,1978265.0,144391.0,2632122.0,2459529.0,28202.0,12673376.0,14700917.0
2021-05-13,3710403.0,24046229,20073473.0,262353.0,311324100.0,179298584.0,-5671.0,343005.0,344676.0,4000.0,1875515.0,2084328.0,56712.0,2560847.0,2475856.0,28279.0,12722401.0,14325526.0
2021-05-14,3679570.0,24372485,20426671.0,266244.0,313017193.0,180457579.0,-30833.0,326256.0,353198.0,3891.0,1693093.0,1158995.0,-49114.0,2480202.0,2501379.0,27937.0,12607150.0,13111035.0
2021-05-15,3623702.0,24683242,20789219.0,270321.0,314850143.0,182220164.0,-55868.0,310757.0,362548.0,4077.0,1832950.0,1762585.0,-118303.0,2387151.0,2477532.0,27922.0,12574672.0,12780501.0
